img, label, ecd.nm, minor.ax.len.nm, major.ax.len.nm, ar, solidity
1, 3, 77.3112, 76.6439, 78.0612, 1.01849, 0.981231
1, 4, 73.8899, 73.5154, 74.4491, 1.0127, 0.976206
1, 5, 72.5718, 72.071, 73.2294, 1.01607, 0.985273
1, 6, 85.2328, 84.9022, 85.7429, 1.0099, 0.979035
1, 7, 87.8213, 87.1235, 88.5941, 1.01688, 0.984921
1, 8, 74.6219, 72.7505, 76.6551, 1.05367, 0.984427
1, 9, 78.8475, 78.043, 79.799, 1.0225, 0.983689
1, 10, 56.8109, 55.416, 58.5765, 1.05703, 0.984
1, 11, 100.221, 98.7928, 101.83, 1.03075, 0.981322
1, 12, 72.2353, 71.2206, 73.4857, 1.0318, 0.975815
1, 13, 63.391, 62.3433, 64.6292, 1.03667, 0.975876
1, 14, 82.8239, 82.289, 83.447, 1.01407, 0.97522
1, 15, 87.2324, 85.2025, 89.3904, 1.04915, 0.982813
1, 16, 68.6022, 67.4728, 69.8835, 1.03573, 0.98432
1, 18, 79.9452, 78.3808, 81.6416, 1.0416, 0.985834
1, 19, 79.5809, 77.3449, 81.9609, 1.05968, 0.979704
1, 20, 76.776, 74.8637, 78.8738, 1.05356, 0.982812
1, 21, 85.8572, 85.1316, 86.8592, 1.02029, 0.972792
1, 22, 69.5788, 67.9255, 71.4099, 1.0513, 0.977668
1, 23, 84.8582, 83.8472, 86.1723, 1.02773, 0.967271
1, 24, 85.3207, 84.5478, 86.1669, 1.01915, 0.985037
1, 25, 85.6715, 85.1145, 86.4078, 1.0152, 0.979735
1, 26, 76.5437, 75.6008, 77.6302, 1.02684, 0.983019
1, 27, 79.9334, 79.3639, 80.6126, 1.01573, 0.978192
1, 28, 55.8627, 55.348, 56.5269, 1.0213, 0.978261
1, 29, 99.2528, 98.8055, 99.7886, 1.00995, 0.983165
1, 30, 76.8614, 74.8541, 78.9468, 1.05468, 0.97949
1, 31, 58.8048, 58.0597, 59.7383, 1.02891, 0.967488
1, 32, 80.1325, 79.043, 81.3592, 1.0293, 0.978857
1, 33, 85.2218, 84.7475, 85.7968, 1.01238, 0.985754
1, 34, 80.4942, 79.8717, 81.2683, 1.01749, 0.977935
1, 35, 62.7371, 62.2354, 63.3929, 1.0186, 0.979021
1, 36, 61.3169, 59.6601, 63.1388, 1.05831, 0.981409
1, 37, 74.2063, 72.908, 75.7856, 1.03947, 0.966447
1, 38, 52.6857, 52.103, 53.4167, 1.02521, 0.97885
1, 39, 67.4172, 66.3269, 68.6141, 1.03448, 0.982975
1, 40, 99.3283, 97.8017, 101.038, 1.03309, 0.976442
1, 41, 78.9306, 77.7811, 80.1477, 1.03043, 0.98285
1, 42, 84.1595, 83.1781, 85.3051, 1.02557, 0.975226
1, 43, 89.0189, 87.8714, 90.2514, 1.02709, 0.981658
1, 44, 90.636, 89.3361, 92.0416, 1.03029, 0.983838
1, 45, 84.2597, 83.0337, 85.5712, 1.03056, 0.985432
1, 46, 65.6281, 64.9879, 66.513, 1.02347, 0.973316
1, 47, 67.5006, 66.491, 68.7154, 1.03345, 0.977876
1, 48, 67.4867, 66.7009, 68.4467, 1.02617, 0.979444
1, 49, 88.279, 87.9397, 88.7178, 1.00885, 0.984375
1, 50, 87.4041, 86.1909, 88.6991, 1.0291, 0.987164
1, 51, 95.9791, 95.4286, 96.6137, 1.01242, 0.978304
1, 52, 58.5013, 57.9585, 59.1589, 1.02071, 0.983306
1, 53, 52.1493, 51.0411, 53.4587, 1.04737, 0.977104
1, 54, 53.655, 53.0285, 54.4169, 1.02618, 0.978967
1, 55, 80.657, 79.7798, 81.661, 1.02358, 0.983565
1, 56, 100.519, 98.1217, 103.073, 1.05046, 0.974688
1, 57, 90.9559, 89.5194, 92.5914, 1.03432, 0.980889
1, 58, 82.903, 81.8209, 84.126, 1.02817, 0.981268
1, 59, 84.8692, 82.6654, 87.2584, 1.05556, 0.983116
1, 60, 73.4829, 72.0309, 75.0835, 1.04238, 0.983948
1, 61, 106.486, 103.998, 109.152, 1.04955, 0.972669
1, 62, 74.1431, 72.5481, 75.8555, 1.04559, 0.980281
1, 63, 74.5214, 74.4857, 74.6493, 1.0022, 0.982427
1, 64, 80.2844, 79.2257, 81.3992, 1.02743, 0.98089
1, 67, 76.9588, 76.6703, 77.4262, 1.00986, 0.979845
1, 68, 53.8294, 53.3007, 54.4776, 1.02208, 0.966854
2, 3, 65.0544, 64.0306, 66.1393, 1.03293, 0.975378
2, 7, 85.3317, 84.5067, 86.3084, 1.02132, 0.983544
2, 8, 88.7237, 85.5901, 92.0759, 1.07578, 0.976517
2, 10, 75.1101, 74.2642, 76.0911, 1.0246, 0.984948
2, 11, 91.2851, 90.7802, 91.869, 1.01199, 0.977573
2, 12, 61.1333, 59.7964, 62.6705, 1.04807, 0.98372
2, 13, 87.0496, 86.2844, 87.9137, 1.01888, 0.982742
2, 14, 79.9452, 78.7952, 81.2381, 1.031, 0.985264
2, 15, 89.7633, 89.2498, 90.3651, 1.0125, 0.981283
2, 16, 70.289, 69.3055, 71.4061, 1.03031, 0.987266
2, 17, 74.282, 73.3373, 75.2808, 1.0265, 0.977424
2, 18, 64.9968, 64.507, 65.666, 1.01797, 0.97618
2, 19, 72.7781, 72.3862, 73.3035, 1.01267, 0.985012
2, 20, 60.6253, 59.7431, 61.6684, 1.03223, 0.975137
2, 21, 80.3544, 77.7219, 83.147, 1.0698, 0.97925
2, 22, 44.5305, 43.5256, 46.3353, 1.06455, 0.901961
2, 23, 100.491, 100.135, 100.913, 1.00777, 0.98808
2, 24, 74.1052, 73.167, 75.1503, 1.02711, 0.981575
2, 25, 72.0795, 70.1497, 74.109, 1.05644, 0.983327
2, 26, 96.4661, 95.5, 97.4854, 1.02079, 0.983168
2, 27, 91.9295, 90.7047, 93.2156, 1.02768, 0.988382
2, 28, 84.4042, 84.2651, 84.6296, 1.00433, 0.985992
2, 29, 72.7137, 71.442, 74.1684, 1.03816, 0.977477
2, 30, 77.4686, 75.8897, 79.1609, 1.0431, 0.987053
2, 31, 67.8053, 66.8467, 68.8898, 1.03056, 0.969949
2, 32, 87.9066, 87.5272, 88.4005, 1.00998, 0.9866
2, 33, 86.423, 86.175, 86.7731, 1.00694, 0.984923
2, 34, 58.7411, 57.6861, 59.9009, 1.03839, 0.969968
2, 35, 57.9702, 57.3659, 58.7288, 1.02376, 0.969189
2, 36, 91.8377, 90.5833, 93.1935, 1.02882, 0.977623
2, 37, 89.7528, 88.8642, 90.8015, 1.0218, 0.9842
2, 38, 86.7585, 85.5455, 88.0545, 1.02933, 0.984314
2, 39, 81.3857, 80.4047, 82.6951, 1.02849, 0.970612
2, 40, 93.7665, 92.1992, 95.4673, 1.03545, 0.973843
2, 41, 89.3447, 88.7894, 89.9881, 1.0135, 0.971266
2, 42, 78.1311, 77.3791, 79.0539, 1.02164, 0.977198
2, 43, 72.6751, 71.4227, 74.0851, 1.03728, 0.983939
2, 44, 56.1472, 54.9294, 57.4905, 1.04663, 0.983626
2, 46, 90.8425, 89.5409, 92.243, 1.03018, 0.983911
2, 47, 77.5653, 76.16, 79.0936, 1.03852, 0.98557
2, 48, 83.7353, 82.6836, 84.8858, 1.02663, 0.984992
2, 49, 89.2397, 87.8312, 90.7718, 1.03348, 0.98791
2, 50, 80.8775, 79.8007, 82.1477, 1.02941, 0.981992
2, 51, 64.8235, 64.3398, 65.454, 1.01732, 0.983333
2, 52, 83.7353, 82.6846, 84.923, 1.02707, 0.982148
2, 53, 91.0589, 90.1518, 92.0505, 1.02106, 0.985301
2, 54, 86.5638, 85.8459, 87.3694, 1.01775, 0.984487
2, 55, 71.2557, 70.8548, 71.7846, 1.01312, 0.981522
2, 57, 76.8735, 75.8304, 78.0002, 1.02861, 0.980106
2, 58, 73.5976, 73.033, 74.2572, 1.01676, 0.982993
2, 59, 69.39, 68.6113, 70.3727, 1.02567, 0.978294
2, 60, 55.5093, 53.7793, 57.4306, 1.06789, 0.975668
2, 61, 78.3467, 78.1252, 78.6358, 1.00654, 0.984666
2, 62, 79.3687, 78.0382, 80.7935, 1.03531, 0.982461
2, 63, 64.2718, 63.7934, 64.9056, 1.01743, 0.979991
2, 64, 88.7237, 87.683, 89.8848, 1.02511, 0.984529
2, 65, 112.086, 109.421, 114.952, 1.05055, 0.975266
2, 66, 87.2217, 86.0038, 88.5396, 1.02949, 0.983762
2, 67, 77.6981, 76.6605, 78.8634, 1.02874, 0.981713
2, 68, 79.4395, 78.5714, 80.4538, 1.02396, 0.982205
3, 4, 75.9538, 74.26, 77.7382, 1.04684, 0.986222
3, 5, 78.9662, 77.4177, 80.6017, 1.04113, 0.975374
3, 6, 73.2146, 71.4104, 75.1647, 1.05257, 0.983156
3, 7, 65.2271, 63.8617, 66.8073, 1.04612, 0.972996
3, 8, 78.6213, 77.5508, 79.8068, 1.02909, 0.984478
3, 10, 83.0611, 81.9457, 84.2609, 1.02825, 0.985015
3, 11, 99.1488, 97.9163, 100.435, 1.02573, 0.985162
3, 12, 82.0737, 80.9041, 83.3624, 1.03039, 0.985468
3, 13, 80.0974, 78.8964, 81.3485, 1.03108, 0.983621
3, 14, 106.776, 105.796, 107.786, 1.01881, 0.98734
3, 15, 74.4081, 74.1388, 74.7649, 1.00845, 0.984667
3, 16, 77.0562, 76.7718, 77.431, 1.00859, 0.985688
3, 17, 76.2493, 74.9722, 77.6608, 1.03586, 0.984762
3, 18, 86.0099, 84.2702, 87.8317, 1.04226, 0.98233
3, 19, 69.7268, 69.2441, 70.3915, 1.01657, 0.97813
3, 20, 89.7841, 88.6878, 90.9494, 1.0255, 0.9775
3, 21, 80.7963, 79.7665, 81.9621, 1.02753, 0.982234
3, 22, 81.6501, 80.3282, 83.0841, 1.03431, 0.985592
3, 24, 64.6063, 63.3281, 65.9785, 1.04185, 0.978901
3, 25, 73.5339, 72.8049, 74.4878, 1.02311, 0.978298
3, 26, 86.1841, 84.848, 87.6864, 1.03345, 0.984107
3, 27, 75.2472, 74.1769, 76.3784, 1.02968, 0.98212
3, 28, 92.7819, 92.6644, 92.9356, 1.00293, 0.987105
3, 29, 86.1406, 85.0263, 87.4123, 1.02806, 0.985316
3, 30, 73.9533, 73.484, 74.5321, 1.01426, 0.977554
3, 31, 90.8529, 89.6925, 92.0449, 1.02623, 0.984794
3, 32, 84.6038, 83.1702, 86.1656, 1.03602, 0.982001
3, 33, 72.3001, 71.1219, 73.63, 1.03527, 0.988306
3, 34, 78.1191, 77.5558, 78.7655, 1.0156, 0.983389
3, 36, 70.5817, 69.3238, 72.0099, 1.03875, 0.976129
3, 37, 56.8768, 55.8219, 58.0491, 1.0399, 0.982356
3, 38, 72.3131, 71.4198, 73.3442, 1.02694, 0.975524
3, 39, 75.8056, 73.3672, 78.4976, 1.06993, 0.983007
3, 40, 58.2122, 57.3193, 59.2706, 1.03404, 0.981542
3, 41, 74.5339, 73.7924, 75.4245, 1.02212, 0.979187
3, 42, 74.1305, 73.3159, 75.0726, 1.02396, 0.983233
3, 43, 83.2865, 82.1518, 84.6007, 1.02981, 0.98667
3, 44, 88.3002, 87.3473, 89.3838, 1.02331, 0.987186
3, 45, 79.7691, 78.6546, 81.0008, 1.02983, 0.984914
3, 46, 92.0823, 91.0527, 93.1998, 1.02358, 0.983051
3, 47, 50.5618, 49.6938, 51.7654, 1.04169, 0.968062
3, 48, 43.3792, 41.0165, 46.2895, 1.12856, 0.920257
3, 49, 82.1079, 81.1319, 83.209, 1.0256, 0.983055
3, 50, 85.2658, 83.4285, 87.1816, 1.04499, 0.984518
3, 51, 84.9685, 83.9815, 86.024, 1.02432, 0.983406
3, 52, 75.6942, 74.9886, 76.5253, 1.02049, 0.983907
3, 53, 98.3803, 98.1281, 98.6983, 1.00581, 0.98512
3, 54, 89.4286, 88.3165, 90.5945, 1.02579, 0.980694
3, 55, 71.492, 70.6355, 72.5273, 1.02678, 0.981995
3, 56, 78.895, 78.1202, 79.8387, 1.022, 0.974758
3, 57, 62.1518, 61.518, 62.8789, 1.02212, 0.979097
3, 58, 67.4728, 66.8492, 68.2771, 1.02136, 0.987398
3, 59, 84.6702, 83.8646, 85.6218, 1.02095, 0.985063
3, 60, 66.0551, 64.3879, 67.8817, 1.05426, 0.986441
3, 61, 87.0711, 86.6939, 87.5384, 1.00974, 0.985864
3, 62, 71.9233, 69.4994, 74.4589, 1.07136, 0.98081
3, 63, 81.3627, 80.8776, 81.9608, 1.01339, 0.983844
3, 64, 72.7524, 71.9676, 73.6791, 1.02378, 0.983972
3, 65, 76.5804, 76.1011, 77.1307, 1.01353, 0.977202
3, 66, 76.7882, 75.7312, 77.8791, 1.02836, 0.986207
3, 69, 69.1736, 68.6527, 69.8521, 1.01747, 0.979662
3, 70, 62.8416, 62.1591, 63.6605, 1.02415, 0.98366
3, 71, 90.636, 89.3995, 92.0317, 1.02944, 0.982295
3, 72, 71.7406, 70.9466, 72.8455, 1.02677, 0.981766
3, 74, 79.8513, 78.0782, 81.7565, 1.04711, 0.981818
3, 75, 80.3894, 79.3858, 81.5344, 1.02706, 0.983738
3, 76, 81.2359, 81.2265, 81.38, 1.00189, 0.9816
3, 77, 97.922, 97.2274, 98.7747, 1.01591, 0.979139
3, 78, 81.4318, 81.0933, 81.9056, 1.01002, 0.984967
4, 2, 85.9336, 85.0529, 86.9144, 1.02189, 0.98846
4, 3, 53.0225, 52.4434, 53.738, 1.02469, 0.971503
4, 4, 83.9477, 82.2779, 85.7284, 1.04194, 0.98198
4, 6, 79.144, 77.5794, 80.8529, 1.0422, 0.977193
4, 8, 80.366, 79.2751, 81.5726, 1.02898, 0.98598
4, 9, 73.5339, 72.9774, 74.3301, 1.01854, 0.985651
4, 10, 79.7809, 79.2252, 80.4886, 1.01595, 0.982923
4, 11, 81.0973, 80.6127, 81.6728, 1.01315, 0.984292
4, 12, 46.9082, 45.9824, 48.0979, 1.04601, 0.94907
4, 13, 68.8205, 67.9047, 69.8338, 1.02841, 0.982122
4, 14, 91.1618, 90.5701, 91.8132, 1.01373, 0.984458
4, 15, 93.1448, 93.0049, 93.3431, 1.00364, 0.979268
4, 16, 78.3467, 77.4006, 79.399, 1.02582, 0.980245
4, 18, 78.8475, 77.9528, 79.7901, 1.02357, 0.978178
4, 19, 91.8785, 91.5839, 92.2781, 1.00758, 0.985558
4, 20, 84.1484, 83.4608, 84.9495, 1.01784, 0.981554
4, 21, 64.9102, 64.6611, 65.4513, 1.01222, 0.950127
4, 22, 52.4182, 51.7489, 53.1577, 1.02722, 0.983893
4, 23, 73.7503, 72.324, 75.3225, 1.04146, 0.980405
4, 24, 77.2505, 76.82, 77.8144, 1.01294, 0.985759
4, 25, 76.3476, 75.0895, 77.7583, 1.03554, 0.980763
4, 26, 94.0658, 91.672, 96.5645, 1.05337, 0.983542
4, 27, 73.7249, 73.3212, 74.2624, 1.01284, 0.986395
4, 28, 107.013, 106.371, 107.756, 1.01302, 0.981368
4, 29, 78.4304, 78.1683, 78.7865, 1.00791, 0.982635
4, 30, 83.2189, 82.7032, 83.8543, 1.01392, 0.987176
4, 31, 82.4951, 81.35, 83.7391, 1.02937, 0.986149
4, 32, 62.5576, 61.6067, 63.6035, 1.03241, 0.982126
4, 33, 67.9572, 67.4592, 68.66, 1.0178, 0.982456
4, 34, 95.8619, 94.861, 96.9584, 1.02211, 0.977277
4, 35, 88.0877, 87.394, 88.9107, 1.01735, 0.981973
4, 36, 89.9302, 89.7594, 90.183, 1.00472, 0.982692
4, 37, 93.5764, 92.8567, 94.3957, 1.01657, 0.983786
4, 38, 78.7999, 77.9212, 79.7185, 1.02307, 0.983962
4, 40, 79.4395, 78.0037, 80.9671, 1.03799, 0.980489
4, 41, 59.8474, 59.2244, 60.5724, 1.02276, 0.981006
4, 42, 85.9881, 84.0479, 88.0162, 1.04721, 0.987237
4, 43, 69.8879, 69.7617, 70.1455, 1.0055, 0.978596
4, 44, 68.9973, 68.2543, 69.8527, 1.02342, 0.98526
4, 45, 79.7691, 79.0802, 80.5859, 1.01904, 0.978386
4, 46, 73.5976, 72.9851, 74.3977, 1.01935, 0.980326
4, 47, 92.5189, 92.1152, 92.9751, 1.00933, 0.983631
4, 48, 72.2353, 71.5935, 73.056, 1.02043, 0.984441
4, 49, 73.9026, 72.78, 75.1318, 1.03231, 0.980155
4, 50, 72.352, 71.1042, 73.7798, 1.03763, 0.976573
4, 51, 72.3779, 70.2921, 74.7025, 1.06274, 0.973189
4, 52, 84.1929, 82.8509, 85.673, 1.03406, 0.983359
4, 53, 76.8979, 75.1609, 78.9033, 1.04979, 0.974969
4, 54, 69.7671, 68.3344, 71.3687, 1.0444, 0.982967
4, 55, 83.3427, 82.3331, 84.4726, 1.02599, 0.985901
4, 56, 93.3659, 92.2561, 94.5483, 1.02485, 0.98226
4, 57, 71.832, 71.7068, 72.1281, 1.00587, 0.968003
4, 58, 66.6342, 66.2959, 67.0303, 1.01108, 0.981359
4, 59, 90.8425, 90.2001, 91.5884, 1.01539, 0.986556
4, 60, 67.8606, 66.7747, 69.0054, 1.03341, 0.982407
4, 61, 62.4677, 61.2998, 63.8281, 1.04125, 0.977924
4, 62, 81.3857, 80.7983, 82.0879, 1.01596, 0.981939
4, 63, 86.2819, 85.9449, 86.655, 1.00826, 0.983899
4, 64, 81.948, 80.7502, 83.2463, 1.03091, 0.98407
4, 65, 68.8885, 67.9483, 70.0216, 1.03051, 0.982919
4, 66, 75.1849, 74.4334, 76.0845, 1.02218, 0.985943
4, 67, 88.5334, 87.4658, 89.6567, 1.02505, 0.980309
4, 68, 94.2848, 92.4404, 96.1968, 1.04064, 0.985456
4, 69, 76.5804, 75.1119, 78.1342, 1.04024, 0.975983
4, 70, 65.9983, 65.4307, 66.7433, 1.02006, 0.985163
4, 71, 85.1888, 84.3243, 86.236, 1.02267, 0.981496
4, 72, 73.0865, 72.8801, 73.4404, 1.00769, 0.979381
4, 73, 85.8682, 85.2636, 86.5594, 1.0152, 0.986954
4, 74, 71.1504, 68.7973, 73.6387, 1.07037, 0.980399
4, 75, 67.6531, 66.8529, 68.5185, 1.02491, 0.980723
4, 76, 80.4942, 80.3671, 80.7378, 1.00461, 0.979875
4, 77, 72.791, 71.7067, 74.0481, 1.03265, 0.980576
5, 1, 79.5927, 77.912, 81.4364, 1.04524, 0.980278
5, 3, 58.5653, 57.3248, 60.0017, 1.0467, 0.985991
5, 4, 76.4825, 75.7131, 77.334, 1.02141, 0.985786
5, 5, 88.0983, 87.0009, 89.346, 1.02695, 0.984312
5, 6, 89.9927, 88.5093, 91.5811, 1.03471, 0.982045
5, 8, 88.6497, 86.5749, 90.8453, 1.04933, 0.98036
5, 9, 82.3245, 80.6349, 84.1662, 1.04379, 0.982876
5, 10, 77.1413, 75.8384, 78.6101, 1.03655, 0.983277
5, 11, 80.3544, 79.6588, 81.1326, 1.0185, 0.982882
5, 12, 70.1289, 69.5927, 70.7781, 1.01703, 0.97947
5, 13, 79.1322, 78.8583, 79.5741, 1.00908, 0.985546
5, 14, 87.6932, 86.8492, 88.6186, 1.02037, 0.985587
5, 15, 95.9596, 95.2427, 96.7696, 1.01603, 0.983387
5, 16, 79.3214, 78.217, 80.5935, 1.03038, 0.982441
5, 17, 84.2041, 82.1627, 86.3488, 1.05095, 0.9849
5, 18, 76.0031, 75.4519, 76.7185, 1.01679, 0.976553
5, 19, 77.1291, 76.1577, 78.2102, 1.02695, 0.982967
5, 20, 87.9812, 86.5421, 89.5243, 1.03446, 0.984036
5, 21, 73.763, 72.9702, 74.7415, 1.02427, 0.983068
5, 22, 69.1058, 68.1398, 70.1275, 1.02917, 0.98
5, 23, 78.2509, 77.6831, 79.0008, 1.01696, 0.984333
5, 24, 68.6705, 68.2927, 69.2563, 1.01411, 0.982045
5, 25, 65.6281, 65.2888, 66.1761, 1.01359, 0.978289
5, 26, 66.8869, 66.6163, 67.3114, 1.01043, 0.971906
5, 27, 63.4353, 62.3646, 64.7662, 1.03851, 0.979024
5, 28, 73.1762, 72.3923, 74.1171, 1.02383, 0.98145
5, 29, 79.9334, 78.0961, 81.8978, 1.04868, 0.981007
5, 30, 79.8044, 79.5409, 80.1433, 1.00757, 0.983502
5, 31, 92.1027, 91.1459, 93.1358, 1.02183, 0.984769
5, 32, 82.5405, 81.9775, 83.2379, 1.01537, 0.98323
5, 33, 72.0925, 71.9589, 72.3655, 1.00565, 0.982288
5, 34, 74.4585, 73.4912, 75.5969, 1.02865, 0.980769
5, 36, 83.264, 82.7871, 83.8258, 1.01255, 0.979608
5, 37, 64.5483, 64.4207, 64.9302, 1.00791, 0.949594
5, 38, 82.6313, 81.4413, 83.916, 1.03039, 0.98247
5, 40, 78.0471, 77.2874, 78.9367, 1.02134, 0.984848
5, 41, 48.5574, 48.2597, 49.0532, 1.01644, 0.959573
5, 42, 71.8711, 71.4147, 72.4767, 1.01487, 0.981132
5, 43, 67.5699, 67.2096, 68.1117, 1.01342, 0.983845
5, 44, 77.3112, 76.9389, 77.7222, 1.01018, 0.984563
5, 45, 85.0457, 84.58, 85.617, 1.01226, 0.982684
5, 46, 56.1972, 54.641, 58.0347, 1.06211, 0.976246
5, 47, 59.2336, 58.7917, 59.7582, 1.01644, 0.984227
5, 48, 74.2063, 73.4755, 75.0166, 1.02097, 0.981952
5, 49, 76.7882, 75.0328, 78.6653, 1.04841, 0.985589
5, 50, 97.4327, 96.6421, 98.2692, 1.01684, 0.985217
5, 51, 80.2377, 79.4125, 81.1964, 1.02246, 0.983395
5, 52, 68.4655, 67.7395, 69.3043, 1.0231, 0.984258
5, 53, 75.8426, 74.9706, 76.9536, 1.02645, 0.982709
5, 54, 66.2393, 66.0032, 66.5513, 1.0083, 0.973794
5, 55, 87.6183, 86.0693, 89.2503, 1.03696, 0.984142
5, 56, 94.3245, 93.0271, 95.7586, 1.02936, 0.98465
5, 57, 94.8891, 93.5883, 96.2694, 1.02865, 0.985638
5, 59, 74.042, 72.8587, 75.3394, 1.03405, 0.980885
5, 60, 82.1308, 81.3793, 83.1289, 1.0215, 0.973755
5, 61, 73.0224, 72.4149, 73.8125, 1.0193, 0.987504
5, 62, 48.5767, 48.0828, 49.2229, 1.02371, 0.968462
5, 63, 87.4899, 85.729, 89.3904, 1.04271, 0.984334
5, 65, 69.7403, 69.5215, 70.111, 1.00848, 0.979985
5, 66, 73.9533, 72.9334, 75.1276, 1.03008, 0.980511
5, 67, 81.7419, 80.9749, 82.6186, 1.0203, 0.97591
6, 2, 66.1968, 65.63, 66.8219, 1.01816, 0.984007
6, 3, 104.756, 103.601, 105.968, 1.02285, 0.980409
6, 5, 63.317, 62.861, 63.9158, 1.01678, 0.979844
6, 6, 69.498, 68.4157, 70.712, 1.03356, 0.982088
6, 7, 111.162, 109.909, 112.476, 1.02336, 0.983736
6, 8, 84.5595, 82.9153, 86.3243, 1.04111, 0.982235
6, 9, 94.7013, 94.1032, 95.352, 1.01327, 0.985379
6, 10, 78.9662, 78.6166, 79.4397, 1.01047, 0.984902
6, 11, 75.9908, 75.6127, 76.4365, 1.0109, 0.979962
6, 12, 80.226, 79.667, 80.9274, 1.01582, 0.981704
6, 13, 74.3325, 73.0181, 75.7922, 1.03799, 0.98365
6, 14, 72.5202, 71.7976, 73.3209, 1.02122, 0.985599
6, 15, 79.5692, 78.5749, 80.6912, 1.02693, 0.983692
6, 16, 57.5321, 57.1613, 58.0431, 1.01543, 0.983844
6, 17, 67.7223, 67.1322, 68.5283, 1.0208, 0.980762
6, 18, 77.0075, 75.7953, 78.3704, 1.03398, 0.984749
6, 19, 85.0126, 84.3065, 85.7744, 1.01741, 0.985181
6, 20, 86.8664, 85.3958, 88.446, 1.03572, 0.98604
6, 22, 82.9821, 82.0397, 84.0318, 1.02428, 0.982353
6, 23, 60.6562, 60.1817, 61.2951, 1.0185, 0.983467
6, 25, 66.7888, 66.3297, 67.4206, 1.01645, 0.979021
6, 26, 89.3657, 88.9934, 89.8617, 1.00976, 0.985658
6, 27, 95.9303, 95.1612, 96.796, 1.01718, 0.980823
6, 28, 65.6709, 65.0652, 66.3757, 1.02014, 0.980818
6, 29, 97.0665, 96.4018, 97.8002, 1.01451, 0.982988
6, 30, 97.0182, 95.3722, 98.7862, 1.0358, 0.977043
6, 31, 71.2688, 69.9414, 72.6471, 1.03868, 0.982596
6, 33, 73.4829, 72.3142, 74.7957, 1.03432, 0.985631
6, 34, 89.3971, 88.5084, 90.4203, 1.0216, 0.984758
6, 35, 80.1676, 79.8592, 80.5428, 1.00856, 0.981116
6, 36, 83.4439, 83.1272, 83.8355, 1.00852, 0.986458
6, 37, 93.1247, 93.0488, 93.2895, 1.00259, 0.984049
6, 38, 61.5001, 60.6907, 62.4653, 1.02924, 0.981518
6, 39, 69.9281, 69.1884, 70.8365, 1.02382, 0.982304
6, 41, 74.7223, 74.0672, 75.4103, 1.01813, 0.981225
6, 42, 75.8179, 74.8921, 76.8752, 1.02648, 0.977997
6, 43, 97.2787, 96.8503, 97.755, 1.00934, 0.985555
6, 44, 60.9798, 60.2175, 61.9287, 1.02842, 0.981692
6, 45, 71.3608, 71.334, 71.5355, 1.00283, 0.98264
6, 46, 77.3475, 76.7584, 78.0887, 1.01733, 0.985489
6, 47, 71.203, 70.5954, 71.9353, 1.01898, 0.979363
6, 48, 105.167, 103.596, 106.801, 1.03094, 0.983172
6, 49, 60.6716, 60.1656, 61.3378, 1.01948, 0.982
6, 50, 75.7066, 74.3675, 77.1545, 1.03748, 0.979814
6, 51, 96.9989, 96.1962, 97.8386, 1.01707, 0.983735
6, 52, 76.6049, 75.8257, 77.5248, 1.02241, 0.984591
6, 53, 96.3786, 95.5624, 97.2502, 1.01766, 0.983724
6, 54, 73.2786, 72.3516, 74.2859, 1.02673, 0.977149
6, 55, 62.3175, 62.2342, 62.5547, 1.00515, 0.981061
6, 56, 81.5812, 81.2431, 82.0226, 1.00959, 0.986937
6, 57, 70.4622, 69.2047, 71.8718, 1.03854, 0.981475
6, 58, 69.2278, 67.9389, 70.6756, 1.04028, 0.979693
6, 59, 85.4195, 84.0519, 86.8937, 1.03381, 0.980605
6, 60, 66.126, 65.1624, 67.2959, 1.03274, 0.981902
6, 61, 80.5989, 79.3034, 81.9638, 1.03355, 0.982426
6, 63, 84.3486, 83.3994, 85.4162, 1.02418, 0.982147
6, 64, 71.124, 70.4736, 71.8725, 1.01985, 0.980029
6, 65, 74.8351, 73.0109, 76.8045, 1.05196, 0.981603
6, 66, 100.295, 99.9604, 100.693, 1.00733, 0.982787
6, 67, 60.5479, 60.1396, 61.1192, 1.01629, 0.980943
6, 68, 78.8118, 76.8587, 80.8723, 1.05222, 0.98543
6, 69, 76.5192, 75.4333, 77.686, 1.02986, 0.976861
6, 70, 64.9247, 64.5927, 65.3675, 1.012, 0.972751
6, 71, 73.7376, 73.0419, 74.6107, 1.02148, 0.986399
6, 72, 86.3579, 85.7837, 87.0597, 1.01487, 0.982469
6, 73, 68.8205, 66.4259, 71.352, 1.07416, 0.982886
6, 74, 75.9784, 75.6549, 76.417, 1.01007, 0.983083
6, 76, 85.7043, 84.2802, 87.2727, 1.03551, 0.984673
6, 77, 64.2281, 63.5263, 65.0863, 1.02456, 0.983907
6, 78, 67.8329, 66.9874, 68.7184, 1.02584, 0.984362
6, 79, 75.3343, 74.2902, 76.4814, 1.0295, 0.978036
6, 80, 76.2247, 75.0373, 77.5228, 1.03312, 0.982567
6, 81, 83.0724, 82.1897, 84.0633, 1.0228, 0.984492
6, 82, 92.245, 90.5719, 94.0397, 1.03829, 0.985885
6, 83, 77.3354, 76.8712, 77.8719, 1.01302, 0.984877
6, 84, 76.6905, 74.7816, 78.7209, 1.05268, 0.983391
6, 85, 57.4669, 56.9982, 58.149, 1.02019, 0.982711
6, 86, 79.8396, 78.3921, 81.4148, 1.03856, 0.984086
6, 88, 87.6825, 86.7759, 88.6198, 1.02125, 0.987007
6, 89, 87.8, 87.1374, 88.5929, 1.0167, 0.985622
6, 90, 73.8645, 73.1117, 74.7631, 1.02259, 0.981788
6, 91, 95.0569, 94.2039, 96.0001, 1.01907, 0.983276
6, 92, 78.3467, 76.7575, 80.0259, 1.04258, 0.986446
6, 93, 83.9589, 82.6308, 85.474, 1.03441, 0.980448
6, 94, 62.1368, 61.4748, 62.9001, 1.02319, 0.98659
6, 95, 76.4702, 75.1388, 77.8843, 1.03654, 0.979899
7, 2, 75.7066, 75.5044, 76.0101, 1.0067, 0.983596
7, 3, 79.0137, 77.6281, 80.6186, 1.03852, 0.982596
7, 5, 71.1636, 69.5977, 72.9162, 1.04768, 0.983977
7, 6, 88.5439, 87.3581, 89.8664, 1.02871, 0.984467
7, 7, 69.1329, 68.4456, 69.8996, 1.02124, 0.983796
7, 8, 92.4277, 91.5589, 93.3288, 1.01933, 0.989149
7, 9, 93.9961, 93.2494, 94.8497, 1.01716, 0.978414
7, 10, 101.179, 99.8901, 102.55, 1.02663, 0.980258
7, 11, 79.286, 78.0347, 80.6682, 1.03375, 0.980129
7, 12, 66.8028, 66.185, 67.6136, 1.02158, 0.97662
7, 13, 61.2252, 60.5356, 62.1879, 1.02729, 0.976562
7, 14, 46.5472, 45.8402, 47.4071, 1.03418, 0.978831
7, 15, 88.8714, 87.8525, 90.006, 1.02451, 0.985962
7, 16, 79.4159, 78.3135, 80.6126, 1.02936, 0.981908
7, 17, 69.5249, 68.3867, 70.7496, 1.03455, 0.984351
7, 18, 72.4814, 71.4309, 73.6985, 1.03174, 0.983164
7, 19, 88.8714, 87.6068, 90.2827, 1.03054, 0.981369
7, 20, 83.4326, 82.1351, 84.8504, 1.03306, 0.987241
7, 21, 85.2438, 84.9749, 85.5483, 1.00675, 0.983511
7, 22, 101.003, 100.019, 102.07, 1.0205, 0.981605
7, 23, 86.271, 85.2337, 87.4151, 1.02559, 0.980978
7, 24, 89.2817, 88.3682, 90.2916, 1.02176, 0.986089
7, 25, 80.8891, 80.4646, 81.4475, 1.01222, 0.982273
7, 26, 80.5524, 79.8921, 81.4211, 1.01914, 0.979072
7, 27, 92.9635, 92.5034, 93.4794, 1.01055, 0.988424
7, 28, 76.8857, 75.8617, 78.042, 1.02874, 0.978288
7, 29, 90.346, 89.5263, 91.2646, 1.01942, 0.984181
7, 30, 87.2754, 86.5889, 88.0448, 1.01681, 0.986647
7, 31, 74.2694, 73.6372, 75.0496, 1.01918, 0.983294
7, 32, 100.799, 99.0646, 102.602, 1.03571, 0.985816
7, 33, 80.8659, 80.2765, 81.5305, 1.01562, 0.985037
7, 34, 80.3194, 79.724, 81.044, 1.01656, 0.980347
7, 35, 95.0371, 94.3672, 95.8177, 1.01537, 0.984072
7, 36, 88.3426, 87.6636, 89.118, 1.01659, 0.987198
7, 37, 105.38, 103.556, 107.291, 1.03607, 0.9875
7, 39, 77.674, 77.0993, 78.3163, 1.01579, 0.973979
7, 40, 78.895, 78.5003, 79.3902, 1.01134, 0.981093
7, 41, 82.4951, 81.3474, 83.8021, 1.03018, 0.986417
7, 42, 72.7653, 70.9101, 74.7313, 1.05389, 0.976833
7, 43, 79.7574, 77.9851, 81.6811, 1.04739, 0.978662
7, 44, 86.3579, 85.6574, 87.1161, 1.01703, 0.981016
7, 45, 99.9771, 98.3548, 101.675, 1.03375, 0.984312
7, 46, 67.0269, 66.1213, 68.1491, 1.03067, 0.98278
7, 47, 76.1017, 75.2098, 77.101, 1.02515, 0.98722
7, 48, 97.1919, 96.3067, 98.1645, 1.01929, 0.983223
7, 49, 63.154, 62.2544, 64.2344, 1.0318, 0.984729
7, 50, 92.6606, 91.8354, 93.5758, 1.01895, 0.984526
7, 51, 89.7319, 87.9022, 91.6827, 1.04301, 0.985547
7, 52, 53.2518, 52.648, 54.0915, 1.02742, 0.98183
7, 53, 68.3011, 67.3694, 69.3533, 1.02945, 0.976845
7, 54, 72.9839, 72.4189, 73.7475, 1.01835, 0.985437
7, 57, 92.9131, 92.0904, 93.7795, 1.01834, 0.986084
7, 58, 91.2851, 89.5479, 93.1273, 1.03997, 0.984718
7, 61, 56.9591, 56.6402, 57.4675, 1.01461, 0.980737
8, 2, 93.3659, 93.2028, 93.5863, 1.00411, 0.986008
8, 4, 83.2302, 82.9337, 83.5882, 1.00789, 0.986126
8, 5, 79.5809, 78.0353, 81.3314, 1.04224, 0.984844
8, 6, 67.9985, 67.5177, 68.708, 1.01763, 0.986011
8, 7, 87.9066, 87.0181, 88.8269, 1.02079, 0.984715
8, 8, 87.522, 87.0713, 88.1844, 1.01278, 0.984345
8, 9, 91.2234, 90.2512, 92.3185, 1.02291, 0.981649
8, 10, 69.3765, 68.241, 70.6255, 1.03494, 0.982778
8, 11, 73.9406, 72.8719, 75.215, 1.03215, 0.984808
8, 12, 97.0762, 95.7393, 98.4902, 1.02873, 0.986656
8, 13, 87.6397, 86.0529, 89.4857, 1.03989, 0.966509
8, 14, 56.3305, 55.4784, 57.3783, 1.03425, 0.980881
8, 15, 90.667, 90.2121, 91.3081, 1.01215, 0.978799
8, 17, 61.8041, 61.1341, 62.6603, 1.02496, 0.982642
8, 18, 81.4087, 80.264, 82.8146, 1.03178, 0.974105
8, 19, 86.2058, 85.3589, 87.1548, 1.02104, 0.984115
8, 20, 92.3059, 91.3587, 93.2876, 1.02111, 0.986331
8, 21, 90.4497, 89.9543, 91.0083, 1.01172, 0.983773
8, 22, 65.2845, 63.9385, 66.7416, 1.04384, 0.976385
8, 24, 60.2842, 59.1511, 61.6184, 1.04171, 0.979293
8, 25, 81.0048, 79.2311, 82.8987, 1.04629, 0.982323
8, 26, 83.1062, 82.0449, 84.2538, 1.02692, 0.989262
8, 27, 87.4363, 86.4145, 88.5677, 1.02492, 0.988369
8, 28, 75.4834, 74.8928, 76.2499, 1.01812, 0.983819
8, 29, 80.0037, 78.8882, 81.2045, 1.02936, 0.983583
8, 30, 86.4013, 85.6575, 87.2583, 1.01869, 0.986379
8, 31, 74.785, 73.2718, 76.4322, 1.04313, 0.981902
8, 32, 100.994, 99.706, 102.37, 1.02672, 0.986942
8, 33, 83.3427, 82.6522, 84.1628, 1.01828, 0.986425
8, 34, 87.5434, 86.6083, 88.5242, 1.02212, 0.981046
8, 35, 86.7585, 85.2963, 88.3262, 1.03552, 0.985038
8, 36, 72.7781, 71.8699, 73.8139, 1.02705, 0.97921
8, 37, 77.674, 75.6647, 79.843, 1.05522, 0.985911
8, 38, 97.0086, 95.5791, 98.5038, 1.0306, 0.987026
8, 39, 81.7763, 80.573, 83.0814, 1.03113, 0.987272
8, 40, 73.0865, 72.681, 73.7127, 1.01419, 0.986159
8, 41, 54.5041, 53.9743, 55.1602, 1.02197, 0.983861
8, 42, 49.7584, 48.889, 50.7826, 1.03873, 0.962828
8, 43, 83.8695, 82.8287, 84.9517, 1.02563, 0.985557
8, 44, 69.9817, 69.1967, 70.9365, 1.02514, 0.98344
8, 45, 80.9354, 79.2139, 82.7862, 1.0451, 0.985896
8, 46, 74.81, 72.9615, 76.7712, 1.05222, 0.986129
8, 47, 106.363, 105.09, 107.667, 1.02453, 0.989508
8, 48, 68.0261, 66.8271, 69.3645, 1.03797, 0.983274
8, 49, 92.0518, 91.2082, 92.9354, 1.01894, 0.983254
8, 50, 76.971, 75.68, 78.3135, 1.0348, 0.98351
8, 51, 68.7387, 67.9247, 69.8238, 1.02796, 0.977132
8, 52, 91.6948, 90.0306, 93.4646, 1.03814, 0.985501
8, 54, 107.458, 105.454, 109.56, 1.03894, 0.98152
8, 55, 68.4107, 67.6159, 69.3612, 1.02581, 0.975772
8, 56, 93.7465, 93.658, 93.8848, 1.00242, 0.990494
8, 57, 75.3343, 74.897, 75.9451, 1.01399, 0.982479
8, 58, 80.1793, 79.2996, 81.1825, 1.02374, 0.983936
8, 59, 87.3612, 87.2446, 87.5828, 1.00388, 0.98835
8, 60, 90.7703, 89.0553, 92.5938, 1.03973, 0.986978
8, 61, 85.4963, 83.4331, 87.6489, 1.05053, 0.982863
8, 62, 93.1347, 92.184, 94.1338, 1.02115, 0.985729
8, 63, 76.5804, 75.697, 77.6094, 1.02526, 0.986755
8, 64, 88.5968, 87.981, 89.3076, 1.01508, 0.98634
8, 65, 86.7044, 85.3554, 88.2041, 1.03337, 0.977101
8, 66, 85.2108, 83.8942, 86.5832, 1.03205, 0.981754
8, 67, 84.7366, 83.4375, 86.1132, 1.03207, 0.985593
8, 68, 50.7837, 49.9754, 51.8338, 1.03719, 0.977967
8, 70, 84.0704, 84.0204, 84.2287, 1.00248, 0.984081
8, 71, 85.4195, 83.8499, 87.0493, 1.03816, 0.984324
8, 72, 89.439, 88.7155, 90.2568, 1.01737, 0.985454
8, 73, 64.7802, 64.5294, 65.1176, 1.00912, 0.985909
8, 75, 64.0528, 62.3132, 65.971, 1.0587, 0.979857
8, 78, 84.0593, 82.4852, 85.7478, 1.03955, 0.984077
9, 2, 78.3826, 77.5196, 79.3857, 1.02407, 0.986755
9, 3, 72.7137, 71.4726, 74.0034, 1.03541, 0.980535
9, 4, 60.9798, 60.4637, 61.6245, 1.0192, 0.984615
9, 5, 92.4175, 90.7669, 94.1517, 1.03729, 0.987432
9, 6, 54.693, 53.9754, 55.5925, 1.02996, 0.974359
9, 7, 91.9907, 90.3689, 93.7068, 1.03694, 0.985593
9, 8, 86.2493, 85.4607, 87.1538, 1.01981, 0.985108
9, 10, 78.7642, 77.8231, 79.9316, 1.02709, 0.983363
9, 11, 73.0865, 72.3317, 74.0443, 1.02368, 0.984796
9, 12, 102.486, 101.241, 103.764, 1.02492, 0.987141
9, 13, 66.9709, 66.1617, 67.9219, 1.0266, 0.981542
9, 15, 94.6914, 92.9326, 96.5229, 1.03863, 0.986392
9, 16, 76.0031, 75.2592, 76.8664, 1.02136, 0.986556
9, 17, 78.4304, 77.7914, 79.1897, 1.01797, 0.983518
9, 18, 62.5276, 62.4501, 62.7504, 1.00481, 0.979343
9, 19, 86.7476, 85.7119, 87.8807, 1.0253, 0.985518
9, 20, 89.4809, 87.1202, 91.9912, 1.05591, 0.979367
9, 21, 83.4888, 81.3364, 85.7627, 1.05442, 0.986211
9, 22, 83.5897, 82.2203, 85.0587, 1.03452, 0.984941
9, 23, 91.244, 90.6668, 91.9062, 1.01367, 0.987989
9, 24, 102.046, 100.988, 103.161, 1.02152, 0.988612
9, 25, 84.0258, 83.8445, 84.393, 1.00654, 0.976413
9, 26, 95.3325, 94.6592, 96.0584, 1.01478, 0.983371
9, 27, 73.2658, 73.1148, 73.5786, 1.00634, 0.97948
9, 28, 88.0451, 86.898, 89.2731, 1.02733, 0.986406
9, 29, 77.6015, 76.2406, 79.0389, 1.0367, 0.987704
9, 31, 72.4943, 71.1236, 73.9638, 1.03993, 0.98317
9, 32, 72.2223, 71.6884, 72.899, 1.01689, 0.97752
9, 33, 86.2819, 86.14, 86.5009, 1.00419, 0.987568
9, 34, 84.4708, 83.7597, 85.2837, 1.0182, 0.984484
9, 36, 68.2461, 66.0426, 70.6711, 1.07008, 0.976424
9, 37, 61.0719, 60.0176, 62.3341, 1.0386, 0.966958
9, 38, 67.8744, 66.5772, 69.3311, 1.04136, 0.982022
9, 39, 64.432, 63.8862, 65.1297, 1.01946, 0.980957
9, 40, 65.3419, 64.8444, 65.9924, 1.0177, 0.98232
9, 41, 75.1475, 74.0763, 76.3782, 1.03107, 0.984641
9, 42, 74.181, 72.944, 75.4994, 1.03503, 0.985897
9, 43, 86.3687, 85.4203, 87.4236, 1.02345, 0.985881
9, 44, 78.7285, 78.0457, 79.5795, 1.01965, 0.983641
9, 45, 79.1795, 77.4346, 81.05, 1.04669, 0.986435
9, 46, 64.5192, 64.3393, 64.8179, 1.00744, 0.979277
9, 47, 90.0239, 89.3309, 90.7912, 1.01635, 0.984069
9, 48, 74.4207, 73.5066, 75.5367, 1.02762, 0.985328
9, 49, 88.7026, 87.9175, 89.5617, 1.0187, 0.980612
9, 50, 58.0349, 56.9754, 59.3236, 1.04122, 0.982504
9, 51, 71.5575, 69.7797, 73.4817, 1.05305, 0.98238
9, 52, 98.7321, 98.0083, 99.5053, 1.01527, 0.986346
9, 53, 66.8869, 65.5389, 68.9809, 1.05252, 0.974286
9, 54, 79.2623, 78.4049, 80.294, 1.02409, 0.983857
9, 55, 70.9922, 69.8909, 72.1819, 1.03278, 0.985704
9, 56, 71.2688, 70.0718, 72.5827, 1.03583, 0.983309
9, 57, 66.8028, 65.5982, 68.1816, 1.03938, 0.973824
9, 58, 85.2548, 84.8218, 85.7234, 1.01063, 0.986016
9, 59, 63.9063, 62.9288, 64.9781, 1.03256, 0.972334
9, 60, 69.3225, 67.6182, 71.1935, 1.05288, 0.984261
9, 61, 61.378, 59.7232, 63.3214, 1.06025, 0.960803
9, 62, 82.5859, 80.5938, 84.6862, 1.05078, 0.984312
9, 63, 85.3866, 83.1541, 87.7895, 1.05574, 0.98282
9, 64, 86.0535, 84.2196, 87.9953, 1.04483, 0.984796
9, 65, 73.3809, 73.0424, 73.8624, 1.01123, 0.983567
9, 66, 89.5019, 88.5525, 90.5202, 1.02222, 0.988894
9, 67, 80.5408, 79.5205, 81.624, 1.02645, 0.982123
9, 68, 70.6348, 69.8894, 71.5177, 1.0233, 0.987389
9, 69, 83.7241, 82.9472, 84.5962, 1.01988, 0.987068
9, 70, 85.3866, 83.5538, 87.354, 1.04548, 0.988313
9, 72, 69.2142, 68.198, 70.428, 1.0327, 0.980814
9, 73, 78.227, 76.5885, 80.0966, 1.0458, 0.986703
9, 74, 77.5774, 76.7983, 78.4717, 1.02179, 0.980458
9, 75, 87.6825, 86.8882, 88.6372, 1.02013, 0.98511
10, 3, 79.5102, 78.6481, 80.4592, 1.02303, 0.981951
10, 5, 81.028, 79.3205, 82.8552, 1.04456, 0.986761
10, 6, 81.282, 80.6544, 81.9974, 1.01665, 0.984637
10, 7, 104.353, 103.052, 105.7, 1.0257, 0.986753
10, 8, 87.4792, 86.5448, 88.4995, 1.02259, 0.985042
10, 9, 77.6136, 76.6468, 78.7301, 1.02718, 0.984983
10, 10, 87.5327, 86.5147, 88.6149, 1.02428, 0.983401
10, 11, 60.2687, 59.2228, 61.4393, 1.03743, 0.981266
10, 12, 97.9411, 96.4448, 99.5441, 1.03214, 0.982342
10, 13, 60.5634, 60.0226, 61.399, 1.02293, 0.976547
10, 14, 68.6432, 67.2509, 70.2302, 1.0443, 0.980499
10, 15, 76.507, 75.9208, 77.2464, 1.01746, 0.984863
10, 16, 90.3875, 89.8456, 90.9977, 1.01282, 0.985307
10, 17, 65.2558, 64.7008, 65.9147, 1.01876, 0.984829
10, 18, 101.309, 100.478, 102.295, 1.01808, 0.970062
10, 19, 68.4244, 67.9409, 69.1251, 1.01743, 0.979608
10, 20, 65.1264, 64.3052, 66.1746, 1.02907, 0.984341
10, 21, 92.062, 90.9515, 93.2561, 1.02534, 0.984971
10, 23, 75.5827, 74.4608, 76.9165, 1.03298, 0.984814
10, 24, 68.3422, 67.9654, 68.8622, 1.0132, 0.984202
10, 25, 93.3157, 92.4762, 94.2652, 1.01935, 0.989774
10, 26, 93.6565, 92.2097, 95.1886, 1.03231, 0.981338
10, 27, 75.8179, 74.9538, 76.8466, 1.02525, 0.985223
10, 28, 82.5292, 81.9804, 83.2592, 1.0156, 0.985893
10, 29, 83.97, 83.0741, 84.9151, 1.02216, 0.984044
10, 30, 84.3931, 82.4571, 86.41, 1.04794, 0.985477
10, 31, 69.5519, 69.1492, 70.0731, 1.01336, 0.982864
10, 32, 86.2384, 85.2848, 87.3187, 1.02385, 0.987065
10, 33, 87.0496, 86.8987, 87.2425, 1.00396, 0.986579
10, 34, 97.1919, 95.5003, 98.9786, 1.03642, 0.985145
10, 35, 90.0031, 88.2045, 91.8923, 1.04181, 0.987209
10, 36, 82.7333, 81.5934, 83.919, 1.0285, 0.987027
10, 37, 84.637, 83.8716, 85.5559, 1.02008, 0.98429
10, 38, 92.5594, 91.6628, 93.5354, 1.02043, 0.981533
10, 39, 83.9477, 83.8142, 84.1223, 1.00368, 0.987136
10, 41, 101.641, 101.063, 102.265, 1.0119, 0.987106
10, 42, 75.16, 74.0374, 76.4281, 1.03229, 0.982399
10, 43, 71.8972, 70.8531, 73.0172, 1.03054, 0.986409
10, 44, 103.242, 102.301, 104.268, 1.01923, 0.977484
10, 45, 92.8425, 91.2752, 94.4705, 1.03501, 0.987758
10, 46, 60.1442, 59.7075, 60.7425, 1.01733, 0.977215
10, 47, 81.3051, 79.652, 83.0938, 1.04321, 0.986022
10, 48, 80.8891, 80.1871, 81.7104, 1.019, 0.98255
10, 49, 70.595, 68.6413, 72.6641, 1.05861, 0.984815
10, 50, 79.1085, 77.8642, 80.4528, 1.03325, 0.987578
10, 51, 74.8726, 74.2255, 75.6734, 1.01951, 0.985827
10, 52, 67.1665, 66.0047, 68.5299, 1.03826, 0.9628
10, 53, 89.1767, 88.2276, 90.2416, 1.02283, 0.984683
10, 54, 73.317, 72.5182, 74.262, 1.02405, 0.979843
10, 55, 59.6435, 59.1681, 60.2798, 1.01879, 0.974333
10, 56, 87.3827, 86.3927, 88.5024, 1.02442, 0.98501
10, 57, 77.4444, 75.8106, 79.1699, 1.04431, 0.984313
10, 58, 69.363, 68.5045, 70.2906, 1.02607, 0.983148
10, 59, 67.3477, 66.3275, 68.5904, 1.03412, 0.981744
10, 60, 80.0155, 77.9026, 82.26, 1.05593, 0.985574
10, 61, 61.1333, 60.1405, 62.2685, 1.03538, 0.979853
10, 62, 68.0949, 67.1003, 69.2879, 1.0326, 0.990392
10, 63, 82.9143, 82.8379, 83.0572, 1.00265, 0.986287
10, 64, 74.042, 72.9504, 75.3375, 1.03272, 0.983193
10, 65, 60.222, 58.8743, 61.7105, 1.04817, 0.972851
10, 66, 86.5963, 86.0613, 87.2066, 1.01331, 0.987414
10, 67, 88.692, 87.9669, 89.5118, 1.01756, 0.987065
10, 68, 69.1871, 68.5001, 70.0689, 1.0229, 0.983442
10, 69, 65.1408, 64.091, 66.401, 1.03604, 0.985633
10, 71, 83.1851, 82.1788, 84.2388, 1.02507, 0.983484
11, 2, 106.169, 105.171, 107.235, 1.01963, 0.980757
11, 3, 71.0317, 69.9467, 72.1735, 1.03183, 0.978553
11, 4, 100.258, 99.7207, 100.921, 1.01203, 0.973321
11, 5, 68.8613, 67.8603, 70.0414, 1.03214, 0.978723
11, 6, 93.9961, 92.8958, 95.1906, 1.0247, 0.984339
11, 7, 39.3464, 37.0075, 42.1515, 1.139, 0.954913
11, 8, 65.1408, 64.1619, 66.3648, 1.03433, 0.978815
11, 9, 82.1536, 80.9944, 83.4252, 1.03001, 0.985226
11, 10, 80.0857, 79.2369, 81.0205, 1.02251, 0.984748
11, 12, 65.9983, 65.3017, 66.8902, 1.02433, 0.98308
11, 13, 86.097, 85.8436, 86.4634, 1.00722, 0.984566
11, 14, 72.0144, 71.6721, 72.5061, 1.01164, 0.979469
11, 15, 79.4513, 78.638, 80.3163, 1.02134, 0.98566
11, 16, 85.9554, 84.6645, 87.3233, 1.0314, 0.983533
11, 17, 82.3928, 81.6916, 83.1578, 1.01795, 0.985042
11, 18, 97.1148, 95.8579, 98.3987, 1.02651, 0.988411
11, 19, 70.1957, 69.0656, 71.4804, 1.03496, 0.987232
11, 20, 89.0189, 87.8227, 90.3356, 1.02861, 0.986007
11, 22, 78.8593, 78.0119, 79.7975, 1.02289, 0.983986
11, 23, 78.6213, 78.1342, 79.2111, 1.01378, 0.980964
11, 24, 91.8377, 90.0593, 93.6968, 1.04039, 0.984898
11, 25, 81.3396, 80.3064, 82.508, 1.02741, 0.986309
11, 26, 82.165, 80.8769, 83.593, 1.03358, 0.984691
11, 27, 85.7917, 84.9625, 86.7325, 1.02083, 0.989667
11, 28, 89.9302, 88.9729, 90.9987, 1.02277, 0.986962
11, 29, 93.2051, 91.8034, 94.7087, 1.03165, 0.987431
11, 30, 62.1518, 60.6193, 64.1551, 1.05833, 0.96897
11, 31, 85.6387, 84.4327, 86.9921, 1.03031, 0.985146
11, 32, 94.1256, 92.5691, 95.7587, 1.03446, 0.983972
11, 33, 95.6661, 94.026, 97.3809, 1.03568, 0.987063
11, 34, 74.6972, 73.681, 75.8316, 1.02919, 0.982508
11, 35, 69.3089, 68.0121, 70.8377, 1.04155, 0.983122
11, 36, 84.3931, 82.8278, 86.0266, 1.03862, 0.985222
11, 37, 99.3188, 98.8258, 99.8561, 1.01043, 0.986504
11, 38, 71.492, 70.6102, 72.5386, 1.02731, 0.982349
11, 39, 65.4852, 64.7477, 66.3601, 1.0249, 0.981132
11, 40, 89.2607, 88.4719, 90.1502, 1.01897, 0.985396
11, 41, 71.9233, 70.8296, 73.2085, 1.03359, 0.985714
11, 43, 95.2637, 93.6333, 96.9455, 1.03537, 0.988365
11, 44, 79.4277, 78.4123, 80.4976, 1.02659, 0.985363
11, 45, 98.6181, 98.4651, 98.8483, 1.00389, 0.979796
11, 46, 64.838, 64.3954, 65.4808, 1.01686, 0.984204
11, 47, 100.78, 99.4072, 102.273, 1.02883, 0.987967
11, 48, 80.8311, 79.5259, 82.2888, 1.03474, 0.982249
11, 49, 70.7674, 70.2113, 71.5038, 1.01841, 0.985251
11, 50, 102.915, 101.645, 104.244, 1.02557, 0.983467
11, 51, 69.2413, 68.2768, 70.3577, 1.03048, 0.986122
11, 52, 84.0035, 82.2348, 85.902, 1.04459, 0.982772
11, 53, 78.8712, 77.9084, 79.9762, 1.02654, 0.986916
11, 54, 80.9817, 79.5187, 82.5209, 1.03776, 0.987302
11, 55, 81.5353, 80.9242, 82.2484, 1.01636, 0.985278
11, 56, 56.1138, 54.687, 57.8223, 1.05733, 0.968858
11, 57, 90.2215, 89.0174, 91.4598, 1.02744, 0.984361
11, 58, 94.5032, 93.87, 95.1841, 1.014, 0.983894
11, 59, 82.1079, 81.4478, 82.8397, 1.01709, 0.986561
11, 60, 80.7151, 79.6018, 81.9514, 1.02952, 0.986379
11, 61, 83.9477, 82.8197, 85.2112, 1.02887, 0.982236
11, 62, 96.8345, 95.5698, 98.1913, 1.02743, 0.98698
11, 63, 73.3936, 72.5255, 74.4847, 1.02701, 0.982564
11, 64, 73.3042, 72.8395, 73.9243, 1.01489, 0.988621
12, 3, 92.9131, 91.0914, 94.8277, 1.04102, 0.981044
12, 4, 82.9369, 81.6571, 84.32, 1.03261, 0.984178
12, 5, 88.9241, 87.8108, 90.1287, 1.0264, 0.985287
12, 6, 82.9482, 81.9447, 84.0351, 1.02551, 0.982865
12, 7, 61.1792, 60.6169, 61.878, 1.02081, 0.984714
12, 8, 74.2189, 73.1147, 75.4532, 1.03198, 0.982615
12, 10, 80.7035, 79.972, 81.6035, 1.0204, 0.985816
12, 11, 67.6808, 65.8612, 69.6344, 1.05729, 0.985087
12, 12, 91.2132, 90.4519, 92.0731, 1.01792, 0.981645
12, 13, 86.0317, 84.2415, 87.8931, 1.04335, 0.982583
12, 14, 76.8004, 75.7602, 77.9633, 1.02908, 0.987759
12, 15, 80.3544, 79.4959, 81.3567, 1.02341, 0.981761
12, 16, 88.1196, 87.6049, 88.6826, 1.0123, 0.981986
12, 17, 87.7679, 86.076, 89.6213, 1.04119, 0.984903
12, 18, 82.2448, 81.3405, 83.3173, 1.0243, 0.981507
12, 19, 62.2723, 61.6247, 63.0677, 1.02342, 0.981499
12, 20, 48.2864, 47.6985, 49.2409, 1.03233, 0.938868
12, 21, 71.6361, 71.5081, 71.9397, 1.00604, 0.983477
12, 22, 96.9409, 95.9847, 97.9782, 1.02077, 0.98179
12, 24, 81.5468, 80.459, 82.725, 1.02816, 0.984189
12, 25, 78.3108, 77.6624, 79.0846, 1.01831, 0.985542
12, 26, 85.3207, 83.3008, 87.4694, 1.05004, 0.982545
12, 27, 42.7262, 41.6881, 43.8951, 1.05294, 0.982846
12, 28, 63.6859, 62.5527, 65.0543, 1.03999, 0.981851
12, 29, 69.9951, 69.3049, 70.8688, 1.02256, 0.983076
12, 30, 95.6074, 94.6494, 96.6343, 1.02097, 0.987447
12, 31, 82.0394, 81.1594, 83.0416, 1.02319, 0.98249
12, 32, 76.3598, 75.8548, 77.0047, 1.01516, 0.988247
12, 33, 75.1724, 73.7029, 76.8088, 1.04214, 0.982085
12, 34, 68.0261, 67.2206, 68.9889, 1.02631, 0.980151
12, 35, 79.0137, 77.839, 80.3474, 1.03223, 0.985503
12, 36, 88.194, 87.5207, 88.997, 1.01687, 0.984345
12, 38, 103.695, 101.925, 105.523, 1.0353, 0.987946
12, 39, 73.8392, 73.7363, 74.1305, 1.00535, 0.981775
12, 40, 91.4287, 90.4729, 92.421, 1.02153, 0.984113
12, 41, 52.7745, 51.8839, 53.9082, 1.03902, 0.983455
12, 42, 70.9261, 70.0824, 71.9615, 1.02681, 0.98315
12, 43, 88.1089, 87.2231, 89.1559, 1.02216, 0.983381
12, 44, 72.4685, 71.3964, 73.6957, 1.03221, 0.980063
12, 45, 80.1676, 79.842, 80.5486, 1.00885, 0.983367
12, 46, 87.0281, 85.4912, 88.6742, 1.03723, 0.981063
12, 47, 81.1551, 80.2388, 82.231, 1.02483, 0.98459
12, 48, 73.3681, 72.5421, 74.2601, 1.02368, 0.985925
12, 49, 92.7516, 91.8111, 93.7353, 1.02096, 0.98329
12, 50, 75.6075, 74.45, 76.9365, 1.0334, 0.981338
12, 51, 84.2486, 83.2471, 85.4132, 1.02602, 0.984148
12, 52, 78.3826, 77.4653, 79.4743, 1.02593, 0.987647
12, 53, 61.4238, 59.5609, 63.4552, 1.06538, 0.98243
12, 54, 87.7786, 87.6495, 87.9408, 1.00332, 0.982318
12, 55, 73.6104, 72.8227, 74.5934, 1.02432, 0.986353
12, 56, 71.6622, 70.2647, 73.2696, 1.04276, 0.984549
12, 57, 100.966, 100.757, 101.256, 1.00495, 0.985505
12, 58, 71.9624, 70.9131, 73.1851, 1.03204, 0.984325
12, 59, 84.5484, 84.0691, 85.1717, 1.01312, 0.988851
12, 60, 88.8925, 86.7614, 91.1292, 1.05034, 0.985507
12, 61, 78.514, 77.5993, 79.6032, 1.02582, 0.977705
12, 62, 68.6842, 67.0556, 70.4551, 1.0507, 0.978616
12, 63, 68.766, 67.0718, 70.5277, 1.05153, 0.985932
12, 64, 68.3696, 67.5372, 69.4402, 1.02818, 0.983826
12, 65, 84.037, 83.1895, 84.9963, 1.02172, 0.988458
12, 66, 85.7699, 85.4784, 86.1253, 1.00757, 0.983463
12, 67, 87.2217, 86.2083, 88.3415, 1.02474, 0.978308
12, 69, 58.6453, 58.0021, 59.4525, 1.02501, 0.979712
13, 3, 83.0837, 82.2027, 84.1222, 1.02335, 0.984233
13, 4, 65.1264, 64.189, 66.1924, 1.03121, 0.977538
13, 5, 82.0851, 81.7052, 82.4802, 1.00949, 0.985201
13, 6, 57.0578, 56.1131, 58.149, 1.03628, 0.983579
13, 7, 81.7763, 80.9923, 82.6857, 1.02091, 0.986999
13, 8, 53.5851, 52.2736, 55.0445, 1.05301, 0.97954
13, 9, 94.7804, 93.0784, 96.5931, 1.03776, 0.987026
13, 11, 78.6213, 77.6401, 79.7337, 1.02697, 0.984478
13, 12, 77.0683, 77.0234, 77.182, 1.00206, 0.982027
13, 13, 86.4446, 85.3381, 87.6314, 1.02687, 0.987859
13, 14, 94.7409, 94.158, 95.3671, 1.01284, 0.984783
13, 15, 65.1983, 64.486, 65.9837, 1.02323, 0.978852
13, 16, 97.5672, 95.8096, 99.419, 1.03767, 0.984684
13, 17, 69.9281, 69.3603, 70.6053, 1.01795, 0.986762
13, 18, 94.026, 93.0242, 95.117, 1.0225, 0.984966
13, 19, 80.7383, 79.1618, 82.4622, 1.04169, 0.983597
13, 20, 98.0463, 97.0624, 99.0871, 1.02086, 0.987295
13, 21, 92.2856, 91.8411, 92.7591, 1.01, 0.987397
13, 22, 83.903, 83.3299, 84.6664, 1.01604, 0.985827
13, 23, 91.2645, 89.5539, 93.0485, 1.03902, 0.984711
13, 24, 66.1685, 64.2582, 68.2432, 1.06202, 0.984823
13, 25, 74.3703, 73.9443, 74.8821, 1.01268, 0.98498
13, 26, 70.249, 69.8714, 70.6674, 1.01139, 0.981364
13, 27, 69.7403, 67.6025, 71.9969, 1.065, 0.986692
13, 28, 70.8468, 70.0949, 71.7501, 1.02361, 0.987099
13, 29, 88.1408, 87.3045, 89.0472, 1.01996, 0.9862
13, 30, 59.7063, 59.2511, 60.2681, 1.01716, 0.982438
13, 32, 82.0965, 81.757, 82.5675, 1.00991, 0.985205
13, 33, 74.181, 72.8742, 75.5969, 1.03736, 0.98194
13, 34, 89.3027, 88.5674, 90.1304, 1.01765, 0.987468
13, 35, 60.949, 60.0378, 62.036, 1.03328, 0.979249
13, 36, 110.494, 109.851, 111.206, 1.01234, 0.977491
13, 37, 83.6121, 82.1293, 85.2274, 1.03772, 0.984688
13, 38, 80.8891, 79.5421, 82.3625, 1.03546, 0.987274
13, 39, 64.0088, 63.0817, 65.0372, 1.031, 0.987353
13, 41, 60.4395, 59.9729, 61.115, 1.01904, 0.980876
13, 42, 90.3356, 89.2744, 91.4632, 1.02452, 0.98351
13, 43, 80.6919, 79.5728, 81.9117, 1.02939, 0.981356
13, 45, 64.9391, 64.052, 65.9411, 1.02949, 0.982104
13, 46, 97.4327, 95.2617, 99.6901, 1.04649, 0.9856
13, 47, 104.218, 103.034, 105.475, 1.02369, 0.986719
13, 48, 52.739, 52.5055, 53.1758, 1.01277, 0.968037
13, 49, 74.6596, 73.7803, 75.6231, 1.02498, 0.984442
13, 50, 59.091, 57.8646, 60.4964, 1.04548, 0.982077
13, 51, 89.4495, 88.0677, 90.9162, 1.03234, 0.985002
13, 52, 57.0413, 56.7773, 57.4467, 1.01179, 0.985244
13, 53, 73.125, 71.6811, 74.6802, 1.04184, 0.983454
13, 54, 80.1676, 79.6031, 80.8497, 1.01566, 0.987331
13, 55, 93.5964, 93.0991, 94.1741, 1.01155, 0.983586
13, 56, 90.6877, 90.0092, 91.5158, 1.01674, 0.987177
13, 57, 79.2387, 77.5073, 81.0725, 1.046, 0.984426
13, 58, 58.6133, 57.4743, 59.9, 1.0422, 0.968816
13, 59, 70.8336, 68.6884, 73.1649, 1.06517, 0.986731
13, 60, 58.2605, 56.8032, 59.9408, 1.05524, 0.958708
13, 61, 84.637, 83.1428, 86.2764, 1.03769, 0.986832
13, 62, 87.864, 87.2869, 88.5568, 1.01455, 0.985171
13, 63, 83.3764, 82.6089, 84.3287, 1.02082, 0.984342
13, 64, 75.9044, 75.5534, 76.409, 1.01132, 0.983051
13, 65, 71.2557, 70.0357, 72.5325, 1.03565, 0.982234
13, 66, 90.1695, 89.1288, 91.2906, 1.02426, 0.985014
13, 67, 59.3916, 58.7888, 60.184, 1.02373, 0.961185
13, 68, 85.1338, 85.0172, 85.3662, 1.0041, 0.986983
13, 69, 98.8838, 97.8388, 100.023, 1.02232, 0.985455
13, 70, 75.2347, 74.3062, 76.2909, 1.02671, 0.98564
13, 71, 92.0009, 90.6094, 93.4971, 1.03187, 0.985811
13, 72, 71.8059, 71.3958, 72.4491, 1.01475, 0.978655
13, 73, 78.1071, 77.336, 78.9357, 1.02069, 0.981013
13, 74, 98.6561, 97.8469, 99.5181, 1.01708, 0.989331
13, 75, 68.1775, 67.792, 68.7993, 1.01486, 0.981789
13, 76, 90.1175, 87.8502, 92.5055, 1.05299, 0.984997
13, 77, 70.5286, 70.156, 71.0955, 1.01339, 0.981872
13, 78, 83.0273, 81.8713, 84.2657, 1.02925, 0.985531
13, 79, 82.2676, 81.6671, 83.0247, 1.01662, 0.986073
14, 2, 83.3652, 82.7634, 84.0975, 1.01612, 0.984076
14, 4, 71.4002, 71.1353, 71.7431, 1.00854, 0.976661
14, 5, 89.8885, 89.3401, 90.51, 1.0131, 0.983124
14, 6, 61.3475, 60.892, 61.8585, 1.01587, 0.982868
14, 7, 86.0099, 85.5014, 86.6613, 1.01357, 0.983799
14, 8, 96.6117, 95.813, 97.5145, 1.01776, 0.986529
14, 9, 76.2247, 74.9553, 77.6457, 1.03589, 0.986633
14, 10, 93.2453, 91.9803, 94.5846, 1.02831, 0.984926
14, 11, 71.9754, 71.3087, 72.8567, 1.02171, 0.98398
14, 12, 78.8237, 78.0024, 79.6992, 1.02175, 0.985727
14, 13, 98.9786, 98.6648, 99.3436, 1.00688, 0.985668
14, 14, 81.6157, 78.8947, 84.5318, 1.07145, 0.982854
14, 15, 90.8013, 88.7851, 92.9196, 1.04657, 0.987208
14, 16, 70.0486, 69.6416, 70.6374, 1.0143, 0.978692
14, 17, 82.654, 81.6164, 83.749, 1.02613, 0.985135
14, 18, 83.7689, 83.3415, 84.3265, 1.01182, 0.986042
14, 19, 78.3467, 77.6072, 79.1639, 1.02006, 0.979952
14, 20, 99.0354, 96.7875, 101.369, 1.04733, 0.989225
14, 21, 85.2768, 83.9877, 86.6959, 1.03224, 0.983523
14, 22, 97.2883, 95.4206, 99.2423, 1.04005, 0.986328
14, 23, 84.1929, 83.4091, 84.9993, 1.01906, 0.985152
14, 24, 82.9821, 81.948, 84.0958, 1.02621, 0.987369
14, 25, 61.7434, 60.8199, 62.8343, 1.03312, 0.984988
14, 26, 67.8329, 67.0211, 68.7881, 1.02637, 0.983574
14, 27, 86.2167, 85.5708, 86.9588, 1.01622, 0.986567
14, 28, 70.062, 69.9439, 70.3114, 1.00526, 0.979065
14, 29, 61.713, 60.8616, 62.7238, 1.0306, 0.984019
14, 30, 61.3322, 60.7505, 62.0528, 1.02144, 0.979024
14, 31, 91.8785, 90.6171, 93.2194, 1.02872, 0.984051
14, 32, 66.592, 66.2163, 67.137, 1.0139, 0.985012
14, 33, 81.0742, 80.4544, 81.7478, 1.01608, 0.983179
14, 34, 63.8329, 63.4492, 64.3402, 1.01404, 0.977079
14, 35, 81.028, 79.6462, 82.597, 1.03705, 0.983989
14, 36, 66.6624, 66.1621, 67.264, 1.01665, 0.982187
14, 37, 86.9634, 86.7543, 87.2212, 1.00538, 0.988486
14, 38, 74.6344, 73.7196, 75.5977, 1.02548, 0.97892
14, 39, 77.2505, 77.0458, 77.5287, 1.00627, 0.984235
14, 40, 106.186, 105.781, 106.625, 1.00798, 0.983007
14, 41, 102.055, 100.594, 103.581, 1.02969, 0.983888
14, 42, 76.1017, 75.6523, 76.6104, 1.01266, 0.98345
14, 43, 65.4422, 64.7164, 66.325, 1.02486, 0.981951
14, 44, 65.7708, 65.0551, 66.7085, 1.02542, 0.986746
14, 45, 49.683, 48.0237, 51.5716, 1.07388, 0.957122
14, 46, 82.4269, 81.7395, 83.2592, 1.01859, 0.986395
14, 47, 65.1696, 64.9089, 65.5668, 1.01014, 0.97968
14, 48, 90.2526, 88.7422, 91.8487, 1.03501, 0.983703
14, 49, 77.7101, 75.9181, 79.6996, 1.04981, 0.985924
14, 50, 79.7456, 79.6463, 79.9595, 1.00393, 0.98462
14, 51, 73.8011, 73.1429, 74.6342, 1.02039, 0.978451
14, 52, 80.0857, 79.1172, 81.2557, 1.02703, 0.986167
14, 53, 92.9433, 90.352, 95.6424, 1.05855, 0.987784
14, 54, 91.0486, 89.5169, 92.6979, 1.03554, 0.984639
14, 55, 57.5972, 56.9876, 58.328, 1.02352, 0.973597
14, 56, 96.8055, 95.5035, 98.1842, 1.02807, 0.984834
14, 57, 93.8065, 92.7617, 94.9699, 1.0238, 0.988837
14, 58, 86.8664, 85.3435, 88.4395, 1.03628, 0.985557
14, 59, 76.7638, 76.6515, 77.0146, 1.00474, 0.986508
14, 60, 81.6731, 81.0549, 82.4292, 1.01696, 0.987514
14, 61, 79.8278, 79.2963, 80.4569, 1.01464, 0.985793
14, 62, 103.812, 103.285, 104.385, 1.01065, 0.984252
14, 63, 48.0335, 47.7012, 48.435, 1.01538, 0.983227
14, 64, 80.8195, 79.7257, 82.0093, 1.02864, 0.986135
14, 65, 94.5627, 93.4302, 95.7467, 1.02479, 0.984117
14, 66, 89.1872, 87.0981, 91.3903, 1.04928, 0.984458
14, 67, 55.3402, 54.5257, 56.2989, 1.03252, 0.978443
15, 1, 88.4698, 87.6611, 89.3913, 1.01974, 0.986301
15, 2, 92.5695, 91.2653, 93.9509, 1.02943, 0.985133
15, 3, 79.4277, 78.5767, 80.2964, 1.02189, 0.987097
15, 4, 81.4778, 80.1844, 82.9422, 1.03439, 0.987455
15, 5, 101.484, 99.7523, 103.298, 1.03555, 0.986712
15, 6, 70.9525, 70.1165, 71.8522, 1.02475, 0.983883
15, 7, 74.2316, 73.6705, 74.9486, 1.01735, 0.985255
15, 8, 85.2768, 84.6275, 86.0179, 1.01643, 0.981533
15, 9, 89.0189, 87.2763, 90.8519, 1.04097, 0.983713
15, 10, 73.2658, 72.4033, 74.3012, 1.02621, 0.981831
15, 11, 67.0967, 65.9667, 68.3535, 1.03618, 0.976026
15, 12, 96.4078, 94.8179, 98.0817, 1.03442, 0.987062
15, 13, 75.8056, 75.4516, 76.2867, 1.01107, 0.98427
15, 14, 84.3597, 84.2523, 84.5865, 1.00397, 0.987773
15, 15, 87.522, 86.8661, 88.2519, 1.01595, 0.981273
15, 16, 84.3375, 84.1313, 84.634, 1.00598, 0.984691
15, 17, 73.928, 73.8817, 74.1164, 1.00318, 0.983142
15, 18, 73.2146, 72.8847, 73.7066, 1.01128, 0.980796
15, 19, 72.791, 72.2305, 73.4525, 1.01692, 0.985361
15, 20, 76.4947, 75.4854, 77.6075, 1.02811, 0.985791
15, 21, 81.9594, 81.3848, 82.6612, 1.01568, 0.981649
15, 22, 85.7917, 85.1448, 86.514, 1.01608, 0.983717
15, 23, 70.0888, 69.6802, 70.7457, 1.01529, 0.982752
15, 24, 97.7304, 96.7314, 98.835, 1.02175, 0.98645
15, 26, 51.4073, 51.0259, 51.9025, 1.01718, 0.975779
15, 27, 72.8168, 72.5683, 73.2336, 1.00917, 0.978554
15, 28, 94.9582, 93.042, 96.9948, 1.04248, 0.980436
15, 29, 80.261, 78.8741, 81.774, 1.03677, 0.984814
15, 30, 87.6504, 87.3741, 88.0073, 1.00725, 0.98581
15, 31, 67.9296, 67.0511, 68.9146, 1.02779, 0.982442
15, 32, 75.7932, 74.6132, 77.1053, 1.0334, 0.9868
15, 34, 81.9594, 80.4245, 83.5603, 1.03899, 0.987328
15, 35, 84.2041, 83.4831, 84.9654, 1.01776, 0.982342
15, 36, 71.3083, 70.3011, 72.4024, 1.02989, 0.976602
15, 37, 82.165, 80.8409, 83.5693, 1.03375, 0.982274
15, 38, 63.4501, 62.5987, 64.4489, 1.02956, 0.984418
15, 39, 84.2263, 83.423, 85.1018, 1.02012, 0.984908
15, 40, 85.8463, 83.9733, 87.851, 1.04618, 0.983492
15, 41, 65.7708, 65.3168, 66.3711, 1.01614, 0.978381
15, 43, 76.3966, 75.0716, 77.903, 1.03772, 0.983265
15, 44, 105.753, 104.453, 107.118, 1.02551, 0.985955
15, 45, 83.354, 81.9179, 84.9411, 1.03691, 0.981467
15, 47, 83.6794, 82.262, 85.2267, 1.03604, 0.983935
15, 48, 91.8479, 90.7298, 93.0333, 1.02539, 0.985549
15, 49, 60.949, 59.7765, 62.3032, 1.04227, 0.980703
15, 50, 59.7691, 59.1177, 60.579, 1.02472, 0.980957
15, 51, 63.4648, 61.7238, 65.3351, 1.05851, 0.978597
15, 52, 89.4286, 88.3095, 90.5764, 1.02567, 0.986362
15, 53, 82.9256, 82.276, 83.6005, 1.0161, 0.982592
15, 54, 72.2353, 71.186, 73.4104, 1.03125, 0.983746
15, 55, 70.2757, 69.3021, 71.4279, 1.03067, 0.981378
15, 56, 56.596, 55.1483, 58.33, 1.05769, 0.982749
15, 57, 95.901, 95.6357, 96.2244, 1.00616, 0.985935
15, 58, 90.8322, 89.4023, 92.3923, 1.03344, 0.986996
15, 59, 92.7718, 90.2705, 95.3813, 1.05662, 0.987527
15, 60, 71.6622, 69.8439, 73.6103, 1.05393, 0.979971
15, 62, 66.8308, 66.6856, 67.0879, 1.00603, 0.983492
15, 63, 102.742, 101.64, 103.899, 1.02222, 0.984443
16, 4, 85.7917, 85.1962, 86.463, 1.01487, 0.986436
16, 5, 58.0833, 56.3721, 59.9249, 1.06302, 0.978261
16, 6, 85.4085, 83.2052, 87.7676, 1.05483, 0.988319
16, 7, 80.7499, 80.037, 81.5659, 1.0191, 0.982213
16, 8, 93.8764, 92.9515, 94.9176, 1.02115, 0.983888
16, 9, 60.9183, 59.5603, 62.4468, 1.04846, 0.980198
16, 10, 70.5552, 69.8423, 71.4624, 1.0232, 0.977549
16, 11, 97.5192, 96.8763, 98.3969, 1.0157, 0.972963
16, 13, 85.9009, 84.4829, 87.5248, 1.03601, 0.977894
16, 14, 82.7899, 82.2395, 83.4973, 1.01529, 0.984123
16, 15, 81.2013, 79.9716, 82.5069, 1.0317, 0.984331
16, 16, 62.7968, 62.0191, 63.6974, 1.02706, 0.979972
16, 17, 71.0977, 69.9622, 72.3657, 1.03435, 0.981798
16, 18, 56.4966, 56.0955, 57.1691, 1.01914, 0.974814
16, 19, 98.3612, 98.1093, 98.6605, 1.00562, 0.984551
16, 21, 68.8885, 67.5604, 70.3632, 1.04149, 0.973846
16, 22, 55.4755, 54.4097, 56.7112, 1.0423, 0.984412
16, 23, 65.3849, 64.7053, 66.2485, 1.02385, 0.98319
16, 24, 63.6565, 63.3839, 64.0819, 1.01101, 0.981389
16, 25, 64.2427, 63.5642, 65.0867, 1.02395, 0.975631
16, 26, 85.0787, 84.5619, 85.6883, 1.01332, 0.983949
16, 27, 90.7083, 90.1214, 91.4096, 1.01429, 0.986295
16, 28, 83.9254, 82.66, 85.2679, 1.03155, 0.980689
16, 30, 83.2977, 80.9527, 85.7815, 1.05965, 0.984051
16, 31, 84.9244, 83.5879, 86.3175, 1.03265, 0.985908
16, 32, 83.2077, 82.3158, 84.134, 1.02209, 0.985592
16, 33, 90.8425, 89.9659, 91.7596, 1.01994, 0.986335
16, 35, 78.0231, 77.623, 78.5632, 1.01211, 0.985736
16, 36, 89.1662, 88.4275, 90.0382, 1.01821, 0.985824
16, 37, 103.251, 101.711, 104.853, 1.03089, 0.987157
16, 38, 47.9944, 47.7999, 48.4115, 1.0128, 0.977725
16, 40, 83.9254, 82.1363, 85.8676, 1.04543, 0.982227
16, 41, 67.1526, 66.265, 68.1813, 1.02892, 0.984049
16, 42, 87.3612, 86.435, 88.4042, 1.02278, 0.974396
16, 43, 74.5968, 73.5208, 75.7993, 1.03099, 0.981488
16, 44, 87.8853, 86.8487, 89.0162, 1.02496, 0.983298
16, 45, 61.4391, 59.7287, 63.397, 1.06142, 0.98436
16, 46, 79.286, 79.2087, 79.4794, 1.00342, 0.985022
16, 47, 89.9302, 89.1175, 90.8679, 1.01964, 0.985385
16, 48, 86.0208, 84.7188, 87.4388, 1.03211, 0.986014
16, 49, 82.903, 82.1788, 83.6627, 1.01806, 0.987345
16, 50, 62.7222, 61.5692, 64.0135, 1.0397, 0.975825
16, 51, 98.0941, 96.1909, 100.073, 1.04036, 0.986928
16, 52, 82.5859, 79.964, 85.3768, 1.06769, 0.98007
16, 53, 76.9832, 76.2935, 77.8003, 1.01975, 0.985661
16, 55, 72.2223, 70.011, 74.6067, 1.06564, 0.976491
16, 56, 76.8004, 75.1478, 78.5788, 1.04566, 0.984977
16, 57, 85.1008, 84.0103, 86.2765, 1.02697, 0.984709
16, 58, 76.2984, 75.2725, 77.459, 1.02905, 0.980739
16, 59, 83.8807, 81.8464, 86.0724, 1.05163, 0.983237
16, 60, 88.1408, 87.4886, 88.8805, 1.01591, 0.98714
16, 61, 84.4708, 82.2916, 86.7818, 1.05456, 0.981945
16, 62, 52.7568, 51.4213, 54.2543, 1.05509, 0.982793
16, 63, 83.7689, 82.9533, 84.7168, 1.02126, 0.983968
16, 64, 97.8837, 96.4754, 99.3952, 1.03026, 0.982888
16, 65, 82.9595, 81.5429, 84.488, 1.03612, 0.984714
16, 66, 60.6562, 59.6302, 61.8834, 1.03779, 0.974677
16, 67, 81.0627, 80.2448, 82.1485, 1.02372, 0.981523
16, 68, 58.373, 57.7164, 59.2138, 1.02594, 0.985366
16, 69, 71.4527, 69.9415, 73.0431, 1.04435, 0.985885
16, 70, 76.114, 75.2846, 77.022, 1.02308, 0.980336
16, 72, 87.2539, 86.8704, 87.7259, 1.00985, 0.983059
16, 73, 66.1543, 65.3575, 67.1279, 1.02709, 0.988151
16, 74, 105.78, 104.731, 106.9, 1.0207, 0.985149
16, 75, 76.507, 75.6427, 77.5544, 1.02527, 0.984242
16, 76, 42.7701, 42.0083, 43.6874, 1.03997, 0.964427
16, 77, 97.8837, 96.9795, 98.8673, 1.01947, 0.986301
16, 78, 87.6076, 85.2323, 90.1618, 1.05784, 0.981544
16, 79, 66.7186, 65.6852, 67.8952, 1.03365, 0.98303
16, 80, 73.6994, 72.7471, 74.8227, 1.02853, 0.981707
16, 81, 78.4065, 77.6358, 79.3084, 1.02154, 0.981448
16, 82, 85.3097, 84.1176, 86.6026, 1.02954, 0.986284
16, 83, 87.2861, 86.5896, 88.0812, 1.01723, 0.985694
16, 84, 78.3706, 77.0712, 79.8233, 1.03571, 0.983493
16, 85, 73.9786, 72.5087, 75.6034, 1.04268, 0.982834
16, 87, 63.7301, 62.282, 65.3693, 1.04957, 0.983212
16, 88, 79.628, 79.1947, 80.1333, 1.01185, 0.985435
16, 90, 67.2781, 66.7382, 67.9568, 1.01826, 0.980114
16, 91, 81.2013, 80.7412, 81.7778, 1.01284, 0.981585
16, 93, 69.6058, 68.4918, 70.8727, 1.03476, 0.984762
16, 94, 79.8748, 78.8602, 81.001, 1.02715, 0.983815
17, 3, 90.3668, 89.4314, 91.3393, 1.02133, 0.983966
17, 4, 86.8232, 85.7846, 87.9419, 1.02515, 0.983615
17, 5, 72.0404, 71.0765, 73.1572, 1.02927, 0.984009
17, 6, 80.7499, 79.4455, 82.1556, 1.03411, 0.981105
17, 7, 59.7377, 58.4805, 61.179, 1.04614, 0.976911
17, 8, 74.4585, 74.2506, 74.8269, 1.00776, 0.983051
17, 9, 82.9369, 81.4613, 84.4751, 1.037, 0.980759
17, 10, 82.4155, 80.3769, 84.6163, 1.05274, 0.980519
17, 11, 69.1736, 67.8211, 70.7573, 1.04329, 0.972201
17, 12, 58.8845, 58.722, 59.2006, 1.00815, 0.981432
17, 13, 79.6751, 78.6775, 80.7369, 1.02618, 0.982879
17, 14, 79.1322, 70.469, 96.6909, 1.37211, 0.877363
17, 15, 96.1449, 95.0037, 97.3736, 1.02495, 0.984431
17, 16, 77.6136, 76.7672, 78.8585, 1.02724, 0.974235
17, 17, 81.7534, 79.7945, 83.8657, 1.05102, 0.985083
17, 18, 60.718, 59.3709, 62.1464, 1.04675, 0.985471
17, 19, 85.6496, 85.5663, 85.7577, 1.00224, 0.984159
17, 20, 77.3475, 77.0097, 77.8285, 1.01063, 0.982759
17, 21, 83.6121, 82.7099, 84.608, 1.02295, 0.98339
17, 22, 87.8533, 86.3851, 89.4164, 1.03509, 0.985167
17, 23, 90.729, 89.1031, 92.4651, 1.03773, 0.985859
17, 24, 91.7254, 90.6948, 92.9464, 1.02483, 0.981202
17, 25, 73.7757, 70.8693, 77.0407, 1.08708, 0.976134
17, 26, 88.2046, 86.8302, 89.6457, 1.03243, 0.982485
17, 27, 89.0821, 87.7062, 90.5359, 1.03226, 0.988329
17, 28, 73.7249, 73.6338, 73.9849, 1.00477, 0.982385
17, 29, 63.7154, 63.0544, 64.5661, 1.02397, 0.980978
17, 30, 57.9864, 56.5427, 59.6751, 1.0554, 0.967116
17, 31, 76.1263, 74.9741, 77.3987, 1.03234, 0.980653
17, 32, 98.1514, 97.0074, 99.3342, 1.02399, 0.985429
17, 33, 77.7343, 76.358, 79.1602, 1.0367, 0.982328
17, 34, 105.211, 103.884, 106.701, 1.02711, 0.977491
17, 35, 79.0018, 78.0775, 80.0417, 1.02516, 0.984043
17, 36, 78.8712, 77.3534, 80.4997, 1.04067, 0.985744
17, 37, 60.222, 59.3859, 61.2081, 1.03068, 0.970411
17, 38, 58.8526, 58.5373, 59.3274, 1.0135, 0.978295
17, 39, 80.0272, 79.334, 80.8611, 1.01925, 0.979925
17, 41, 78.7404, 77.3887, 80.1987, 1.03631, 0.98102
17, 42, 89.5019, 88.668, 90.4335, 1.01991, 0.985928
17, 43, 75.8056, 75.1643, 76.5586, 1.01855, 0.984586
17, 44, 65.2989, 64.999, 65.7316, 1.01127, 0.977654
17, 45, 77.9389, 76.8866, 79.1349, 1.02924, 0.979746
17, 47, 74.6596, 73.6574, 75.8025, 1.02912, 0.984442
17, 48, 72.0404, 69.7117, 74.5913, 1.07, 0.973286
17, 49, 71.8059, 70.0504, 73.7125, 1.05228, 0.978307
17, 50, 73.8138, 72.3325, 75.448, 1.04307, 0.984756
17, 51, 60.0662, 59.0217, 61.288, 1.0384, 0.976662
17, 52, 90.3668, 90.089, 90.6656, 1.0064, 0.986193
17, 53, 91.2542, 90.6824, 91.9237, 1.01369, 0.986456
17, 54, 76.5804, 76.3149, 76.9784, 1.00869, 0.982418
17, 55, 78.0471, 77.2831, 78.9358, 1.02138, 0.988142
17, 57, 51.6437, 50.7103, 52.6998, 1.03923, 0.984094
17, 58, 71.7929, 70.5549, 73.1709, 1.03708, 0.979694
17, 59, 80.0272, 78.945, 81.2379, 1.02904, 0.984726
17, 60, 80.9817, 80.8117, 81.2184, 1.00503, 0.982589
17, 61, 74.7975, 73.531, 76.1786, 1.03601, 0.983202
17, 62, 88.3532, 85.9033, 90.9742, 1.05903, 0.987669
17, 63, 64.8669, 64.1929, 65.785, 1.0248, 0.984649
17, 64, 85.6715, 84.2024, 87.238, 1.03605, 0.983425
17, 65, 77.686, 76.9934, 78.4801, 1.01931, 0.982007
17, 66, 79.4631, 78.5655, 80.4377, 1.02383, 0.984224
17, 67, 87.8106, 87.386, 88.2853, 1.01029, 0.983975
17, 68, 69.7537, 69.179, 70.4507, 1.01838, 0.984079
17, 69, 83.264, 81.5201, 85.137, 1.04437, 0.983777
17, 70, 78.0231, 77.0637, 79.1129, 1.02659, 0.98038
17, 71, 76.2862, 75.0287, 77.6246, 1.0346, 0.982906
17, 72, 82.028, 80.9228, 83.2381, 1.02861, 0.987349
17, 73, 85.1888, 82.8221, 87.6814, 1.05867, 0.98324
17, 74, 89.0084, 88.9478, 89.1472, 1.00224, 0.986234
17, 75, 86.1188, 85.4367, 86.9587, 1.01781, 0.985309
17, 76, 91.4697, 90.9637, 92.0489, 1.01193, 0.988267
17, 77, 69.8611, 68.6424, 71.2001, 1.03726, 0.98153
17, 78, 77.2869, 75.6445, 79.1694, 1.0466, 0.984858
17, 79, 90.263, 89.409, 91.253, 1.02062, 0.985714
17, 80, 81.5583, 80.489, 82.7424, 1.028, 0.982014
17, 81, 85.1888, 84.0757, 86.409, 1.02775, 0.982492
17, 82, 87.8106, 87.0226, 88.7102, 1.01939, 0.986098
17, 83, 74.8351, 73.4963, 76.3231, 1.03846, 0.982572
17, 84, 73.8265, 73.7572, 74.0416, 1.00386, 0.983762
17, 85, 94.5527, 93.5606, 95.5741, 1.02152, 0.987987
17, 86, 76.077, 75.3457, 77.0088, 1.02207, 0.983439
17, 87, 80.5757, 79.7694, 81.4719, 1.02134, 0.982974
17, 88, 68.3148, 67.3604, 69.4155, 1.03051, 0.979158
17, 89, 91.0795, 89.7207, 92.5473, 1.0315, 0.985307
17, 90, 97.8933, 96.7738, 99.1002, 1.02404, 0.989358
17, 94, 51.3525, 49.7254, 53.1172, 1.06821, 0.967675
18, 3, 67.9572, 67.4819, 68.6298, 1.01701, 0.982456
18, 4, 85.9663, 85.685, 86.3296, 1.00752, 0.988964
18, 5, 61.4848, 60.6107, 62.5346, 1.03174, 0.980078
18, 6, 69.5923, 69.0697, 70.3079, 1.01793, 0.98139
18, 7, 78.191, 77.5996, 79.0035, 1.01809, 0.982826
18, 8, 70.1289, 67.4706, 73.0013, 1.08197, 0.980202
18, 9, 70.4489, 69.449, 71.5907, 1.03084, 0.979652
18, 10, 88.4698, 88.2691, 88.7858, 1.00585, 0.987234
18, 11, 58.7889, 57.7424, 60.0375, 1.03975, 0.984517
18, 12, 103.623, 102.142, 105.169, 1.02964, 0.988099
18, 13, 75.0102, 74.0106, 76.123, 1.02854, 0.984585
18, 14, 105.256, 104.221, 106.337, 1.0203, 0.985659
18, 15, 81.0742, 80.775, 81.5202, 1.00923, 0.984007
18, 16, 76.3966, 75.336, 77.6102, 1.03019, 0.985443
18, 17, 80.7383, 80.0436, 81.4816, 1.01796, 0.983876
18, 18, 77.3839, 76.1196, 78.7693, 1.03481, 0.983682
18, 19, 61.5153, 60.9511, 62.2075, 1.02061, 0.979622
18, 20, 87.9279, 86.8889, 89.0831, 1.02525, 0.984252
18, 21, 81.282, 79.9322, 82.7992, 1.03587, 0.980801
18, 22, 69.9147, 68.9217, 71.0301, 1.03059, 0.980451
18, 24, 87.1034, 86.7174, 87.6022, 1.0102, 0.987558
18, 25, 67.5422, 66.775, 68.5157, 1.02607, 0.981848
18, 26, 80.1793, 78.4774, 82.0164, 1.0451, 0.977765
18, 27, 79.5927, 79.2566, 80.0196, 1.00963, 0.981987
18, 29, 78.203, 77.6185, 78.9063, 1.01659, 0.985503
18, 30, 97.7879, 96.9065, 98.7468, 1.01899, 0.983044
18, 31, 89.46, 88.6486, 90.3656, 1.01937, 0.986143
18, 32, 65.1983, 64.3401, 66.234, 1.02943, 0.984802
18, 33, 98.5896, 98.4019, 98.8253, 1.0043, 0.984995
18, 34, 78.6332, 77.0753, 80.2507, 1.0412, 0.98243
18, 35, 87.6183, 86.3363, 88.9684, 1.03049, 0.984142
18, 36, 83.1062, 82.5749, 83.7121, 1.01377, 0.984504
18, 37, 77.7945, 76.6979, 78.9892, 1.02987, 0.984151
18, 38, 81.9937, 80.2115, 83.8836, 1.04578, 0.987067
18, 39, 84.9465, 84.5931, 85.463, 1.01028, 0.986421
18, 40, 79.3687, 78.5274, 80.297, 1.02253, 0.983611
18, 42, 84.6702, 84.0659, 85.3805, 1.01564, 0.987607
18, 43, 76.077, 75.1145, 77.0918, 1.02632, 0.983753
18, 44, 103.224, 101.805, 104.699, 1.02843, 0.987151
18, 45, 85.3866, 84.041, 86.8347, 1.03324, 0.981332
18, 46, 67.9847, 67.6618, 68.4651, 1.01187, 0.97896
18, 47, 52.739, 52.4905, 53.2172, 1.01384, 0.963011
18, 48, 90.3979, 87.7798, 93.1568, 1.06126, 0.987766
18, 49, 82.4837, 81.4435, 83.6934, 1.02762, 0.982941
18, 50, 71.9102, 70.8158, 73.0981, 1.03223, 0.985709
18, 51, 77.951, 77.7123, 78.3515, 1.00823, 0.983318
18, 53, 92.792, 91.7534, 93.9489, 1.02393, 0.98732
18, 54, 78.6809, 76.4246, 81.0736, 1.06083, 0.984794
18, 55, 94.3146, 93.471, 95.1917, 1.01841, 0.98875
18, 56, 63.3614, 62.6316, 64.2221, 1.0254, 0.985281
18, 57, 71.3608, 70.939, 71.919, 1.01381, 0.97769
18, 58, 73.0481, 72.6772, 73.5365, 1.01182, 0.98376
18, 59, 75.5579, 73.9584, 77.2987, 1.04517, 0.978477
18, 60, 79.7691, 79.1305, 80.4858, 1.01713, 0.985772
18, 61, 81.3512, 79.7898, 83.0453, 1.0408, 0.983565
18, 62, 62.4377, 61.1558, 64.0028, 1.04655, 0.955005
18, 63, 88.0557, 86.13, 90.1223, 1.04635, 0.985
18, 64, 77.3354, 76.9177, 77.8794, 1.0125, 0.983662
18, 65, 74.5968, 73.9206, 75.4628, 1.02086, 0.978899
18, 66, 93.8464, 93.0688, 94.7094, 1.01763, 0.986356
18, 67, 82.5746, 81.6252, 83.6526, 1.02484, 0.98671
18, 68, 65.4279, 64.356, 66.6197, 1.03517, 0.972329
18, 69, 98.3708, 97.4518, 99.3492, 1.01947, 0.984366
18, 70, 85.8572, 83.8383, 88.0326, 1.05003, 0.980798
18, 72, 70.0888, 68.5084, 71.8131, 1.04824, 0.981648
18, 73, 87.9279, 86.589, 89.3802, 1.03224, 0.984722
18, 74, 62.8863, 62.3734, 63.4727, 1.01762, 0.975497
18, 75, 62.8565, 62.1899, 63.7906, 1.02574, 0.980465
18, 76, 69.8208, 68.1657, 71.5555, 1.04973, 0.98188
18, 77, 86.3796, 85.7016, 87.0897, 1.0162, 0.984908
18, 78, 82.7899, 81.4802, 84.2268, 1.03371, 0.978854
18, 79, 89.7319, 88.9486, 90.5668, 1.01819, 0.986906
18, 80, 91.3569, 90.9387, 91.8879, 1.01044, 0.985831
18, 81, 109.137, 108.217, 110.101, 1.01741, 0.985119
18, 82, 70.5419, 69.517, 71.6919, 1.03129, 0.982969
18, 83, 83.2752, 82.8065, 83.8822, 1.01299, 0.986404
18, 84, 79.0374, 77.7465, 80.4715, 1.03505, 0.983476
18, 85, 65.04, 64.4732, 65.7467, 1.01975, 0.983871
18, 86, 81.1666, 79.4982, 82.9444, 1.04335, 0.984594
18, 87, 69.1871, 68.2835, 70.2124, 1.02825, 0.983442
18, 88, 86.0099, 84.027, 88.098, 1.04845, 0.984044
18, 89, 69.5923, 69.2436, 70.189, 1.01365, 0.98251
18, 90, 70.4622, 70.3913, 70.7248, 1.00474, 0.980748
19, 3, 86.7908, 85.5752, 88.1666, 1.03028, 0.984566
19, 4, 72.9839, 72.467, 73.6346, 1.01611, 0.987835
19, 5, 75.0352, 74.0379, 76.1479, 1.0285, 0.989134
19, 6, 81.4778, 80.4014, 82.675, 1.02828, 0.985531
19, 7, 63.1688, 63.0418, 63.4387, 1.0063, 0.979751
19, 8, 81.845, 81.0418, 82.7409, 1.02096, 0.982678
19, 9, 74.4836, 73.5067, 75.6261, 1.02883, 0.98437
19, 10, 90.5946, 89.5259, 91.8054, 1.02546, 0.984487
19, 11, 77.6136, 76.9348, 78.46, 1.01982, 0.984983
19, 12, 89.1347, 87.5371, 90.8026, 1.0373, 0.983527
19, 13, 65.4565, 65.0762, 66.0113, 1.01437, 0.980274
19, 14, 72.546, 71.8477, 73.4459, 1.02224, 0.983193
19, 15, 75.0227, 74.624, 75.5227, 1.01204, 0.981373
19, 17, 102.978, 101.931, 104.137, 1.02164, 0.976527
19, 18, 105.833, 104.733, 107.008, 1.02173, 0.979351
19, 19, 69.471, 68.0033, 71.0371, 1.04461, 0.980952
19, 20, 78.7999, 78.7407, 78.935, 1.00247, 0.989251
19, 21, 66.2534, 65.0655, 67.5866, 1.03875, 0.978688
19, 22, 82.0737, 81.0585, 83.166, 1.026, 0.98655
19, 23, 73.763, 73.3284, 74.3556, 1.01401, 0.98507
19, 24, 86.1297, 85.3403, 86.9935, 1.01937, 0.986049
19, 25, 60.2376, 58.7127, 61.9278, 1.05476, 0.981247
19, 26, 31.725, 30.4124, 33.1543, 1.09016, 0.962366
19, 27, 78.0231, 76.0002, 80.2002, 1.05526, 0.982456
19, 28, 83.9254, 82.7671, 85.1563, 1.02887, 0.986352
19, 29, 78.8475, 77.0253, 80.8088, 1.04912, 0.984565
19, 30, 64.301, 63.2672, 65.4131, 1.03392, 0.981753
19, 31, 73.0352, 72.2725, 73.8921, 1.02241, 0.98614
19, 32, 52.9518, 52.5328, 53.4919, 1.01826, 0.979058
19, 33, 104.64, 103.842, 105.463, 1.0156, 0.985992
19, 34, 79.2269, 78.8135, 79.7697, 1.01213, 0.986741
19, 35, 87.7038, 86.7938, 88.7265, 1.02227, 0.987488
19, 36, 66.1827, 65.6824, 66.9028, 1.01858, 0.982346
19, 37, 87.2646, 86.3274, 88.315, 1.02302, 0.987603
19, 38, 89.951, 89.6348, 90.3753, 1.00826, 0.986743
19, 39, 86.3687, 84.2846, 88.5906, 1.05109, 0.984661
19, 40, 57.0578, 56.6434, 57.5751, 1.01645, 0.986932
19, 41, 80.6338, 78.0064, 83.4373, 1.06962, 0.988038
19, 42, 67.8468, 67.023, 68.801, 1.02653, 0.984763
19, 43, 73.5849, 72.3806, 74.914, 1.035, 0.98567
19, 44, 90.3045, 89.887, 90.9067, 1.01134, 0.967534
19, 46, 77.8788, 76.3188, 79.5145, 1.04187, 0.983587
19, 47, 69.038, 68.1791, 70.074, 1.02779, 0.980717
19, 48, 71.5837, 70.8325, 72.4968, 1.0235, 0.982746
19, 49, 84.8913, 83.0463, 86.8356, 1.04563, 0.983879
19, 50, 55.0346, 53.9402, 56.3409, 1.04451, 0.984765
19, 51, 98.6086, 97.6412, 99.633, 1.0204, 0.987062
19, 52, 71.5706, 70.7304, 72.549, 1.02571, 0.981681
19, 53, 88.8398, 87.7442, 90.0621, 1.02642, 0.985952
19, 54, 95.6759, 94.9326, 96.4977, 1.01649, 0.986069
19, 55, 66.7326, 66.0742, 67.4987, 1.02156, 0.980198
19, 56, 88.3638, 86.9777, 89.8172, 1.03265, 0.98487
19, 57, 58.2927, 57.9705, 58.8323, 1.01487, 0.983189
19, 58, 67.4728, 65.9731, 69.0559, 1.04673, 0.983401
19, 59, 71.5837, 71.1164, 72.2083, 1.01535, 0.984161
19, 60, 83.9589, 82.8706, 85.132, 1.02729, 0.980704
19, 61, 85.7262, 84.2238, 87.2773, 1.03625, 0.984681
19, 62, 76.5927, 75.0061, 78.2601, 1.04338, 0.986137
19, 63, 79.8865, 78.8131, 81.1179, 1.02924, 0.98042
19, 64, 79.992, 79.4096, 80.6724, 1.0159, 0.984429
19, 65, 83.2415, 82.4558, 84.1017, 1.01996, 0.98613
19, 66, 83.7689, 81.2223, 86.4879, 1.06483, 0.984486
19, 67, 74.1179, 73.5467, 74.7759, 1.01671, 0.986869
19, 68, 63.5386, 62.9488, 64.2911, 1.02132, 0.979091
19, 69, 60.8567, 60.4921, 61.3416, 1.01404, 0.979673
19, 70, 87.7786, 87.0767, 88.5756, 1.01721, 0.986561
19, 71, 66.592, 65.1386, 68.2088, 1.04713, 0.981336
19, 72, 83.6458, 82.2772, 85.1488, 1.0349, 0.983404
19, 73, 56.5463, 55.7201, 57.548, 1.03281, 0.96712
19, 74, 78.8593, 77.7359, 80.0781, 1.03013, 0.981947
19, 75, 99.8834, 98.5264, 101.318, 1.02834, 0.987936
19, 76, 83.0047, 81.9604, 84.153, 1.02675, 0.984995
19, 77, 66.6764, 65.6513, 67.8574, 1.0336, 0.978144
19, 78, 46.1631, 45.7178, 46.737, 1.02229, 0.980172
19, 79, 85.8136, 85.1455, 86.5751, 1.01679, 0.984465
19, 80, 74.81, 73.3931, 76.3374, 1.04012, 0.98256
19, 81, 92.8929, 92.08, 93.8095, 1.01878, 0.986924
19, 82, 73.0737, 72.308, 74.0604, 1.02424, 0.979374
19, 83, 83.6458, 83.1939, 84.1941, 1.01202, 0.986262
19, 84, 76.1632, 75.8185, 76.6521, 1.011, 0.985983
19, 85, 85.8026, 84.5067, 87.1878, 1.03173, 0.985944
19, 86, 82.5064, 81.9305, 83.1667, 1.01509, 0.983749
19, 87, 84.6038, 82.7831, 86.5392, 1.04537, 0.984786
19, 88, 78.0231, 77.3182, 78.851, 1.01983, 0.986035
19, 89, 62.8267, 61.9985, 63.8634, 1.03008, 0.986417
19, 90, 87.0173, 86.3887, 87.7204, 1.01541, 0.985126
19, 91, 84.7587, 83.3483, 86.2453, 1.03476, 0.986108
19, 92, 86.4555, 85.2221, 87.7705, 1.0299, 0.984691
19, 93, 80.6687, 79.2805, 82.2022, 1.03685, 0.985244
19, 95, 75.4462, 74.9579, 76.1355, 1.01571, 0.986359
19, 97, 85.6168, 84.9692, 86.35, 1.01625, 0.983652
19, 98, 64.6788, 64.0402, 65.4549, 1.02209, 0.984127
19, 99, 79.2623, 78.3213, 80.3349, 1.02571, 0.985592
19, 100, 69.9281, 69.0403, 71.0162, 1.02862, 0.979354
19, 101, 61.1179, 59.9555, 62.46, 1.04177, 0.979843
19, 102, 71.1636, 70.3271, 72.1562, 1.02601, 0.981118
19, 104, 71.7798, 70.7738, 73.0048, 1.03152, 0.986719
20, 2, 80.6222, 80.3852, 80.9397, 1.0069, 0.982436
20, 3, 67.6254, 66.7289, 68.6637, 1.029, 0.981891
20, 4, 88.4274, 87.7402, 89.2128, 1.01678, 0.978654
20, 5, 72.1964, 70.7515, 73.8521, 1.04382, 0.983033
20, 6, 61.3933, 60.2888, 62.6178, 1.03863, 0.985784
20, 7, 88.7976, 87.4792, 90.2148, 1.03127, 0.98617
20, 8, 64.5047, 62.5636, 66.6748, 1.06571, 0.971554
20, 9, 59.3916, 58.7959, 60.1489, 1.02301, 0.978679
20, 10, 84.2152, 83.3952, 85.1896, 1.02152, 0.982857
20, 11, 73.5722, 72.4322, 74.9235, 1.0344, 0.983316
20, 12, 95.9205, 94.1931, 97.7205, 1.03745, 0.983768
20, 13, 46.5674, 46.4553, 46.6795, 1.00483, 0.983008
20, 14, 71.1767, 69.6294, 72.8035, 1.04559, 0.981838
20, 15, 71.8972, 69.6261, 74.3004, 1.06714, 0.982194
20, 16, 101.715, 100.82, 102.668, 1.01833, 0.984308
20, 17, 67.1944, 66.7665, 67.7501, 1.01473, 0.981663
20, 18, 90.4186, 89.7083, 91.1589, 1.01617, 0.983097
20, 19, 98.2945, 96.921, 99.7087, 1.02876, 0.986225
20, 20, 70.249, 69.4432, 71.1084, 1.02398, 0.979903
20, 21, 68.5065, 67.1454, 70.0619, 1.04344, 0.985439
20, 22, 50.3388, 49.2813, 51.5795, 1.04663, 0.976879
20, 23, 67.5838, 65.8441, 69.6184, 1.05732, 0.973243
20, 24, 92.1535, 91.7692, 92.7011, 1.01015, 0.97378
20, 25, 91.6027, 91.1988, 92.1142, 1.01004, 0.983956
20, 26, 88.0025, 86.422, 89.7039, 1.03798, 0.98828
20, 27, 72.6106, 70.7213, 74.6224, 1.05516, 0.984944
20, 28, 92.184, 91.0571, 93.42, 1.02595, 0.983088
20, 29, 81.0973, 80.4546, 81.8525, 1.01738, 0.984016
20, 30, 82.2562, 81.5605, 82.9788, 1.01739, 0.983115
20, 31, 85.4853, 84.176, 86.9614, 1.03309, 0.984596
20, 32, 70.7011, 70.2616, 71.2098, 1.0135, 0.982682
20, 33, 92.0009, 91.5083, 92.5754, 1.01166, 0.982807
20, 34, 87.5969, 87.5181, 87.7267, 1.00238, 0.984608
20, 36, 72.5331, 72.2645, 72.8897, 1.00865, 0.985604
20, 38, 72.0925, 71.5552, 72.8231, 1.01772, 0.980552
20, 39, 97.5384, 95.9787, 99.2416, 1.034, 0.972973
20, 40, 72.5589, 72.0556, 73.1831, 1.01565, 0.98596
20, 41, 89.0084, 88.603, 89.5193, 1.01034, 0.984626
20, 42, 78.9662, 78.7937, 79.2999, 1.00642, 0.981995
20, 43, 64.7078, 64.2513, 65.3271, 1.01674, 0.983275
20, 44, 81.1204, 80.2387, 82.0588, 1.02268, 0.984577
20, 45, 70.062, 69.8996, 70.4138, 1.00736, 0.983108
20, 46, 83.7241, 82.2467, 85.3866, 1.03818, 0.980341
20, 47, 63.3318, 62.6983, 64.0947, 1.02227, 0.979853
20, 48, 69.8611, 69.2456, 70.627, 1.01995, 0.977845
20, 49, 95.6074, 93.8994, 97.4329, 1.03763, 0.985253
20, 50, 64.432, 63.1772, 65.9248, 1.04349, 0.979655
20, 51, 79.0374, 78.2903, 79.8651, 1.02011, 0.982606
20, 52, 79.0848, 78.1612, 80.1811, 1.02584, 0.984075
20, 53, 85.4524, 84.0862, 86.9104, 1.03359, 0.979387
20, 54, 92.6404, 91.5066, 93.8513, 1.02562, 0.986641
20, 56, 70.7144, 69.9051, 71.6688, 1.02523, 0.981965
20, 57, 98.5611, 97.4513, 99.8528, 1.02464, 0.96788
20, 58, 73.9913, 73.3757, 74.8279, 1.01979, 0.980201
20, 59, 63.6565, 63.089, 64.3891, 1.02061, 0.982727
20, 60, 75.7561, 74.6451, 76.9649, 1.03108, 0.983301
20, 61, 78.4184, 77.655, 79.3267, 1.02153, 0.979111
20, 62, 87.1142, 86.5451, 87.8129, 1.01465, 0.98229
20, 63, 54.1072, 53.0035, 55.5308, 1.04768, 0.97625
20, 64, 80.226, 78.3149, 82.2486, 1.05023, 0.983954
20, 65, 73.5722, 72.0741, 75.2451, 1.044, 0.980978
20, 66, 81.028, 80.2707, 81.8589, 1.01979, 0.983712
20, 67, 81.0048, 79.5623, 82.5196, 1.03717, 0.985642
20, 68, 82.688, 81.8434, 83.5896, 1.02134, 0.979855
20, 69, 73.6994, 73.416, 74.0179, 1.0082, 0.982706
20, 70, 96.4078, 94.2435, 98.696, 1.04724, 0.984906
20, 71, 87.7893, 86.9643, 88.7505, 1.02054, 0.984439
20, 72, 77.202, 76.4596, 78.0941, 1.02138, 0.987884
20, 73, 80.3894, 78.7151, 82.2324, 1.04468, 0.982616
20, 74, 66.8308, 65.8821, 68.0055, 1.03223, 0.976639
20, 75, 72.4296, 71.7702, 73.2278, 1.02031, 0.981417
20, 76, 64.3301, 63.2685, 65.5192, 1.03557, 0.978723
20, 78, 85.2988, 84.2566, 86.4565, 1.02611, 0.98428
20, 79, 57.4506, 56.6878, 58.4261, 1.03066, 0.983799
20, 80, 104.227, 102.605, 106.024, 1.03332, 0.972157
20, 81, 79.6045, 78.0612, 81.3556, 1.0422, 0.986002
20, 82, 95.3423, 93.7429, 97.0164, 1.03492, 0.984772
20, 83, 83.5897, 82.1601, 85.1356, 1.03622, 0.985201
20, 84, 52.8632, 51.8203, 54.1646, 1.04524, 0.962556
20, 85, 64.0674, 63.2327, 65.0689, 1.02904, 0.982503
21, 3, 67.2084, 65.824, 68.7486, 1.04443, 0.98167
21, 5, 82.0965, 80.9902, 83.2844, 1.02833, 0.983858
21, 6, 94.8101, 94.1616, 95.5423, 1.01466, 0.983391
21, 8, 78.2629, 76.8047, 79.9135, 1.04048, 0.979616
21, 9, 72.0014, 70.3945, 73.7739, 1.04801, 0.979115
21, 10, 84.8692, 82.9155, 86.9594, 1.04877, 0.984375
21, 11, 74.471, 74.0479, 74.9942, 1.01278, 0.983383
21, 12, 92.4581, 91.9398, 93.0465, 1.01204, 0.982762
21, 13, 58.2605, 56.8683, 59.9401, 1.05402, 0.971567
21, 14, 53.0049, 52.195, 54.0265, 1.03509, 0.973377
21, 15, 84.9244, 83.7191, 86.3666, 1.03162, 0.966106
21, 16, 89.4495, 87.8578, 91.1088, 1.037, 0.984548
21, 17, 85.7152, 84.2717, 87.2382, 1.0352, 0.981718
21, 18, 55.0686, 53.5014, 56.9289, 1.06406, 0.978235
21, 20, 89.6693, 88.278, 91.1842, 1.03292, 0.982818
21, 21, 89.3027, 89.071, 89.5684, 1.00558, 0.984726
21, 22, 101.963, 101.535, 102.435, 1.00886, 0.984209
21, 23, 90.8529, 89.5353, 92.2938, 1.03081, 0.987001
21, 24, 80.5524, 79.5089, 81.6849, 1.02737, 0.982685
21, 25, 92.062, 90.7651, 93.4108, 1.02915, 0.9854
21, 27, 83.0724, 81.3961, 84.8683, 1.04266, 0.980298
21, 28, 85.6387, 84.335, 87.0723, 1.03246, 0.985642
21, 29, 68.1637, 67.7058, 68.7689, 1.0157, 0.984121
21, 30, 79.0967, 78.485, 79.8554, 1.01746, 0.981765
21, 31, 86.8124, 85.6619, 88.1264, 1.02877, 0.984333
21, 32, 89.3342, 88.9334, 89.8108, 1.00987, 0.981106
21, 33, 67.9296, 67.6415, 68.3333, 1.01023, 0.98205
21, 34, 83.5449, 83.0563, 84.1131, 1.01272, 0.985707
21, 35, 68.3696, 67.5549, 69.3307, 1.02629, 0.981117
21, 36, 51.68, 50.9509, 52.6416, 1.03318, 0.975359
21, 37, 90.5118, 89.5018, 91.6289, 1.02377, 0.987573
21, 38, 84.0035, 83.4845, 84.6668, 1.01416, 0.989228
21, 39, 86.3253, 85.7405, 87.0292, 1.01503, 0.982456
21, 40, 81.8107, 81.4531, 82.3455, 1.01096, 0.982123
21, 41, 93.175, 92.4401, 93.9297, 1.01611, 0.986792
21, 42, 78.6332, 78.171, 79.197, 1.01312, 0.98243
21, 43, 79.1085, 78.699, 79.636, 1.01191, 0.984375
21, 44, 94.2251, 92.906, 95.6613, 1.02966, 0.985233
21, 45, 71.1504, 69.8013, 72.7166, 1.04177, 0.984329
21, 46, 84.6813, 83.3972, 86.1136, 1.03257, 0.98279
21, 47, 100.015, 98.8635, 101.231, 1.02395, 0.985596
21, 48, 85.0457, 84.7913, 85.4165, 1.00737, 0.985948
21, 49, 80.2844, 79.2619, 81.5069, 1.02832, 0.985387
21, 50, 76.8979, 75.2554, 78.6091, 1.04456, 0.978295
21, 51, 76.8857, 75.404, 78.4705, 1.04067, 0.981637
21, 52, 53.2518, 52.8192, 53.797, 1.01851, 0.979288
21, 53, 79.4985, 78.7988, 80.2559, 1.01849, 0.984238
21, 54, 60.8567, 59.6004, 62.3116, 1.04549, 0.980159
21, 55, 77.9149, 76.6392, 79.3789, 1.03575, 0.985097
21, 56, 69.9281, 69.0816, 70.9855, 1.02756, 0.983415
21, 59, 72.8811, 71.9854, 73.8536, 1.02595, 0.982322
21, 60, 66.7467, 64.6235, 68.9999, 1.06772, 0.978995
21, 61, 88.4698, 87.5423, 89.4604, 1.02191, 0.988168
21, 63, 82.7559, 81.8575, 83.6896, 1.02238, 0.98015
21, 64, 71.2951, 70.6333, 72.0857, 1.02056, 0.979061
21, 65, 73.317, 72.5411, 74.2589, 1.02368, 0.983539
21, 66, 92.5796, 91.6372, 93.5777, 1.02118, 0.984499
21, 67, 69.1329, 68.2368, 70.1563, 1.02813, 0.98228
21, 68, 78.179, 76.8398, 79.6618, 1.03673, 0.98609
21, 69, 76.0647, 75.4181, 76.8537, 1.01903, 0.983748
21, 70, 70.8071, 70.5125, 71.2811, 1.0109, 0.981291
21, 71, 97.7592, 97.1437, 98.4353, 1.0133, 0.984363
21, 72, 82.3017, 81.2338, 83.5326, 1.0283, 0.980467
21, 73, 72.0795, 71.7147, 72.7443, 1.01436, 0.975026
21, 74, 84.4153, 83.0272, 85.9468, 1.03516, 0.983445
21, 75, 93.6865, 92.5457, 94.9308, 1.02577, 0.986518
21, 76, 58.7411, 58.5234, 59.0922, 1.00972, 0.981867
21, 77, 81.9022, 81.2147, 82.7323, 1.01869, 0.979743
21, 78, 97.0568, 96.3662, 97.906, 1.01598, 0.972335
21, 79, 76.5437, 76.0112, 77.1788, 1.01536, 0.981168
21, 81, 85.3207, 84.8302, 85.869, 1.01225, 0.985287
21, 82, 84.2152, 83.5684, 84.9883, 1.01699, 0.982857
21, 83, 76.5927, 75.0695, 78.2234, 1.04201, 0.978125
21, 84, 91.0177, 89.8882, 92.3641, 1.02754, 0.978309
21, 85, 82.7333, 82.623, 82.8944, 1.00329, 0.980929
21, 86, 67.971, 67.5133, 68.5856, 1.01588, 0.983247
21, 87, 94.2152, 93.4174, 95.1353, 1.01839, 0.985435
21, 89, 80.3777, 79.7538, 81.1316, 1.01727, 0.984014
22, 3, 77.5049, 76.8227, 78.2769, 1.01893, 0.985244
22, 4, 73.5722, 72.371, 74.8662, 1.03448, 0.983316
22, 7, 75.9784, 74.6249, 77.4016, 1.03721, 0.985915
22, 8, 88.4592, 87.6333, 89.388, 1.02002, 0.98467
22, 9, 71.0845, 70.5489, 71.654, 1.01566, 0.98466
22, 10, 88.3002, 87.5834, 89.0883, 1.01718, 0.982522
22, 11, 90.4808, 89.7556, 91.3005, 1.01721, 0.986896
22, 12, 78.7285, 77.5695, 80.0527, 1.03201, 0.977246
22, 13, 97.5192, 94.9789, 100.19, 1.05486, 0.982191
22, 14, 78.1431, 76.226, 80.2391, 1.05265, 0.983399
22, 15, 77.6257, 76.6342, 78.8219, 1.02855, 0.984686
22, 16, 103.586, 102.593, 104.642, 1.01998, 0.986559
22, 18, 111.482, 110.682, 112.313, 1.01473, 0.987638
22, 19, 79.7339, 78.7346, 80.8624, 1.02703, 0.984615
22, 20, 92.3973, 91.2737, 93.7098, 1.02669, 0.965451
22, 21, 47.622, 46.7097, 48.7435, 1.04354, 0.968775
22, 22, 73.2786, 72.5923, 74.1093, 1.0209, 0.98725
22, 24, 73.0481, 72.3055, 73.9037, 1.0221, 0.985803
22, 25, 64.2573, 63.7747, 64.8851, 1.01741, 0.983921
22, 26, 91.028, 89.6143, 92.54, 1.03265, 0.985291
22, 27, 78.9187, 78.0603, 79.8333, 1.02271, 0.987225
22, 28, 66.6342, 66.3658, 67.0627, 1.0105, 0.981765
22, 29, 72.0535, 71.4939, 72.7014, 1.01689, 0.983316
22, 30, 52.6679, 50.9806, 54.4528, 1.06811, 0.980132
22, 31, 76.323, 75.595, 77.2025, 1.02126, 0.983233
22, 33, 102.129, 101.386, 102.915, 1.01508, 0.988279
22, 34, 100.743, 99.9766, 101.552, 1.01575, 0.984366
22, 35, 67.1247, 66.1674, 68.3102, 1.03238, 0.981224
22, 36, 79.6516, 78.38, 80.9933, 1.03334, 0.983726
22, 37, 72.2094, 70.8681, 73.6946, 1.03988, 0.983386
22, 38, 68.4929, 67.7989, 69.2432, 1.0213, 0.982339
22, 39, 76.2739, 75.6487, 76.9948, 1.01779, 0.981657
22, 40, 69.8477, 69.0781, 70.8511, 1.02567, 0.984493
22, 41, 76.8614, 75.9042, 77.9687, 1.0272, 0.98285
22, 42, 88.882, 87.5304, 90.2899, 1.03153, 0.983434
22, 43, 95.7151, 94.0979, 97.4412, 1.03553, 0.986478
22, 45, 84.0816, 80.5136, 87.9446, 1.0923, 0.980504
22, 46, 88.0345, 87.3953, 88.7267, 1.01523, 0.981719
22, 47, 71.819, 70.9724, 72.8135, 1.02594, 0.984263
22, 48, 87.522, 86.5639, 88.5366, 1.02279, 0.985532
22, 49, 99.5262, 97.9468, 101.175, 1.03296, 0.987481
22, 50, 71.7145, 69.9359, 73.6602, 1.05325, 0.982456
22, 51, 73.3042, 72.3084, 74.4466, 1.02957, 0.983533
22, 52, 82.3473, 81.0777, 83.744, 1.03289, 0.98102
22, 53, 82.1878, 80.1661, 84.3363, 1.05202, 0.984969
22, 54, 96.2716, 94.5537, 98.1086, 1.0376, 0.986435
22, 55, 85.3646, 82.676, 88.2902, 1.06791, 0.977867
22, 56, 62.5276, 61.7466, 63.4314, 1.02729, 0.977965
22, 57, 68.8749, 68.0565, 69.8425, 1.02624, 0.982531
22, 58, 102.76, 101.12, 104.445, 1.03288, 0.984449
22, 59, 84.4708, 83.0263, 85.9973, 1.03578, 0.987037
22, 60, 77.0683, 76.0241, 78.3317, 1.03035, 0.982027
22, 61, 77.1656, 77.1002, 77.3429, 1.00315, 0.985422
22, 63, 74.2316, 73.6017, 75.053, 1.01972, 0.980981
22, 64, 75.8056, 74.5242, 77.1523, 1.03526, 0.985535
22, 65, 75.7808, 74.4729, 77.1613, 1.0361, 0.978289
22, 66, 75.6075, 74.503, 76.8208, 1.03111, 0.980707
22, 67, 72.6364, 72.6137, 72.7945, 1.00249, 0.980836
22, 68, 85.1448, 84.2723, 86.1286, 1.02203, 0.981477
22, 69, 84.3042, 83.231, 85.4285, 1.0264, 0.982893
22, 70, 92.5796, 91.1815, 94.0795, 1.03178, 0.987902
22, 71, 77.9269, 76.6913, 79.3472, 1.03463, 0.984204
22, 72, 78.4901, 77.3405, 79.7246, 1.03083, 0.982661
22, 73, 72.8939, 72.3125, 73.6089, 1.01793, 0.981308
23, 6, 86.9742, 85.7213, 88.3061, 1.03015, 0.985111
23, 7, 76.7515, 75.1137, 78.578, 1.04612, 0.983417
23, 8, 82.4042, 81.082, 83.8298, 1.03389, 0.982908
23, 9, 74.1937, 52.2155, 105.787, 2.02596, 0.947114
23, 11, 76.8614, 76.6393, 77.2979, 1.00859, 0.98377
23, 12, 89.0295, 88.3371, 89.773, 1.01625, 0.982118
23, 13, 86.1188, 85.4282, 86.918, 1.01744, 0.980426
23, 15, 95.5976, 88.202, 108.989, 1.23567, 0.910891
23, 16, 74.7975, 73.5804, 76.0917, 1.03413, 0.98385
23, 17, 82.279, 81.6958, 82.9604, 1.01548, 0.981255
23, 18, 67.6531, 66.5998, 68.8805, 1.03424, 0.984281
23, 19, 92.7213, 91.267, 94.275, 1.03296, 0.982437
23, 20, 47.7792, 46.1998, 49.5085, 1.07162, 0.979887
23, 21, 68.0399, 67.9305, 68.3212, 1.00575, 0.982107
23, 23, 93.6565, 93.5098, 93.8531, 1.00367, 0.984848
23, 24, 96.4563, 95.0835, 97.9094, 1.02972, 0.984921
23, 25, 72.0535, 71.8331, 72.3912, 1.00777, 0.977762
23, 26, 86.3253, 85.4504, 87.359, 1.02234, 0.98489
23, 27, 80.401, 80.1097, 80.8305, 1.009, 0.982901
23, 28, 95.0076, 94.2039, 95.8833, 1.01783, 0.984062
23, 29, 60.7334, 60.0459, 61.5449, 1.02496, 0.978618
23, 30, 82.1079, 81.6128, 82.7611, 1.01407, 0.982787
23, 31, 69.2684, 68.126, 70.513, 1.03504, 0.983859
23, 32, 80.0857, 79.4103, 80.9112, 1.0189, 0.981078
23, 33, 63.9356, 63.3238, 64.6697, 1.02125, 0.978905
23, 34, 70.369, 68.5124, 72.4537, 1.05753, 0.978156
23, 36, 100.557, 99.4717, 101.706, 1.02246, 0.986469
23, 37, 57.7435, 57.728, 57.9379, 1.00364, 0.978548
23, 38, 89.7111, 88.3671, 91.1889, 1.03193, 0.984411
23, 39, 65.112, 64.556, 65.7547, 1.01857, 0.983478
23, 40, 81.2705, 79.3894, 83.2483, 1.04861, 0.986286
23, 41, 77.117, 76.3931, 77.8853, 1.01953, 0.986323
23, 42, 71.7406, 71.6059, 72.2088, 1.00842, 0.980714
23, 43, 72.4038, 71.5347, 73.449, 1.02676, 0.981748
23, 44, 75.0352, 73.9643, 76.2403, 1.03077, 0.97914
23, 45, 78.191, 75.4287, 81.1631, 1.07602, 0.986989
23, 46, 72.5847, 72.1774, 73.2321, 1.01461, 0.983211
23, 47, 96.5049, 95.6461, 97.4487, 1.01885, 0.985131
23, 48, 85.2218, 82.716, 87.9188, 1.0629, 0.985003
23, 49, 73.928, 73.1837, 74.8195, 1.02235, 0.98248
23, 50, 85.4085, 84.6164, 86.3215, 1.02015, 0.984071
23, 51, 64.5628, 63.8375, 65.5766, 1.02724, 0.982766
23, 52, 66.0551, 65.7276, 66.5289, 1.01219, 0.982693
23, 53, 102.358, 100.734, 104.1, 1.03342, 0.985022
23, 54, 99.0448, 98.3377, 99.8196, 1.01507, 0.98365
23, 55, 66.2676, 65.8823, 66.8021, 1.01396, 0.982802
23, 56, 75.8179, 74.334, 77.4661, 1.04214, 0.982069
23, 57, 68.1224, 67.3614, 68.9393, 1.02342, 0.984493
23, 58, 89.1347, 87.7742, 90.5976, 1.03217, 0.985585
23, 59, 81.4663, 80.6771, 82.3746, 1.02104, 0.983338
23, 60, 91.9703, 90.3415, 93.6671, 1.03681, 0.98301
23, 61, 81.0164, 80.184, 81.8878, 1.02125, 0.982328
23, 62, 87.1464, 85.1365, 89.2533, 1.04836, 0.981114
23, 64, 83.2865, 82.7298, 83.9869, 1.0152, 0.987197
23, 65, 86.8556, 84.9576, 88.8515, 1.04583, 0.986036
23, 67, 87.9919, 86.8626, 89.2078, 1.027, 0.983337
23, 68, 93.8264, 93.5546, 94.1982, 1.00688, 0.986143
23, 69, 59.4231, 58.1605, 60.8392, 1.04606, 0.976672
23, 71, 61.6826, 60.774, 62.8363, 1.03393, 0.980203
23, 72, 68.9973, 68.2434, 69.8965, 1.02422, 0.978428
24, 3, 62.8863, 61.8906, 64.0322, 1.0346, 0.980483
24, 4, 80.8195, 79.3702, 82.353, 1.03758, 0.980861
24, 5, 86.0644, 85.9036, 86.2958, 1.00457, 0.979187
24, 6, 70.4887, 68.6734, 72.4118, 1.05444, 0.978951
24, 7, 73.9786, 72.2438, 75.893, 1.05051, 0.981513
24, 8, 84.037, 83.4277, 84.7895, 1.01632, 0.984069
24, 9, 83.1175, 82.2094, 84.1365, 1.02344, 0.982671
24, 10, 100.136, 99.3763, 100.942, 1.01575, 0.983456
24, 11, 71.7929, 71.2817, 72.4824, 1.01684, 0.980043
24, 12, 95.4897, 94.3311, 96.7701, 1.02586, 0.971834
24, 14, 62.0764, 60.9164, 63.4041, 1.04084, 0.979048
24, 15, 94.5428, 94.1311, 94.9795, 1.00901, 0.985942
24, 16, 69.5384, 67.4398, 71.8017, 1.06468, 0.981735
24, 17, 88.077, 87.0306, 89.1685, 1.02456, 0.986416
24, 18, 97.3557, 96.3648, 98.5007, 1.02217, 0.980229
24, 19, 102.312, 102.004, 102.715, 1.00697, 0.979653
24, 20, 84.9465, 83.9876, 85.9996, 1.02396, 0.987433
24, 21, 78.8118, 77.9248, 79.8212, 1.02434, 0.983675
24, 22, 87.2861, 86.7572, 87.9401, 1.01363, 0.975054
24, 23, 80.657, 79.534, 81.888, 1.0296, 0.98552
24, 24, 73.8138, 73.5294, 74.233, 1.00957, 0.981431
24, 25, 61.561, 60.7215, 62.6135, 1.03116, 0.980601
24, 26, 92.4885, 91.4975, 93.5533, 1.02247, 0.984894
24, 27, 71.1767, 70.6371, 71.8229, 1.01679, 0.980769
24, 28, 70.0486, 69.1702, 71.1096, 1.02804, 0.980892
24, 29, 91.7867, 91.0878, 92.5363, 1.0159, 0.981655
24, 30, 83.6346, 82.0132, 85.3822, 1.04108, 0.984697
24, 31, 70.4355, 69.364, 71.5789, 1.03193, 0.975673
24, 32, 68.6022, 68.0608, 69.2855, 1.01799, 0.983934
24, 33, 81.3051, 80.3761, 82.4, 1.02518, 0.986573
24, 34, 94.1853, 93.7593, 94.694, 1.00997, 0.988513
24, 35, 93.2453, 91.7974, 94.7836, 1.03253, 0.981384
24, 36, 66.4088, 65.8104, 67.2281, 1.02154, 0.983696
24, 37, 73.3936, 72.6761, 74.1519, 1.02031, 0.978883
24, 38, 65.3419, 63.5908, 67.213, 1.05696, 0.98572
24, 39, 75.3592, 74.5804, 76.2281, 1.02209, 0.984725
24, 40, 88.9979, 87.3852, 90.694, 1.03786, 0.983706
24, 41, 81.6731, 80.6222, 82.8246, 1.02732, 0.980711
24, 42, 72.8168, 71.904, 73.8646, 1.02727, 0.97619
24, 43, 57.4343, 56.7624, 58.1983, 1.0253, 0.981048
24, 44, 78.1071, 77.7531, 78.6427, 1.01144, 0.98279
24, 45, 101.031, 99.8911, 102.249, 1.02361, 0.981615
24, 46, 74.81, 72.2068, 77.6196, 1.07496, 0.979016
24, 47, 89.7215, 89.536, 90.0055, 1.00524, 0.984866
24, 48, 85.0677, 84.1809, 86.0775, 1.02253, 0.974754
24, 49, 69.7403, 67.6462, 72.0547, 1.06517, 0.980726
24, 50, 65.4136, 63.9223, 67.0034, 1.0482, 0.973146
24, 51, 61.2864, 59.9995, 62.78, 1.04634, 0.972344
24, 52, 76.9832, 76.7302, 77.4143, 1.00892, 0.981988
24, 53, 99.7989, 97.731, 101.979, 1.04346, 0.980443
24, 54, 102.129, 101.639, 102.733, 1.01076, 0.979236
24, 55, 88.2896, 87.3603, 89.3912, 1.02325, 0.979741
24, 56, 80.5058, 79.8968, 81.2403, 1.01682, 0.980715
24, 57, 66.1827, 65.7362, 66.7184, 1.01494, 0.982759
24, 58, 48.673, 47.3802, 50.125, 1.05793, 0.973806
24, 59, 77.3354, 77.0613, 77.7413, 1.00882, 0.982451
24, 60, 45.1367, 44.7774, 45.6504, 1.0195, 0.975763
25, 1, 68.2461, 67.1167, 69.5203, 1.03581, 0.978732
25, 4, 74.5088, 73.2065, 75.8621, 1.03627, 0.97788
25, 5, 55.1706, 54.6796, 55.7568, 1.0197, 0.973038
25, 6, 82.0851, 81.3415, 82.871, 1.0188, 0.985742
25, 7, 88.6286, 88.2709, 89.0887, 1.00927, 0.984959
25, 8, 69.4845, 68.631, 70.4538, 1.02656, 0.982456
25, 9, 81.5123, 80.8376, 82.2803, 1.01785, 0.987465
25, 10, 67.0409, 66.0347, 68.206, 1.03288, 0.976384
25, 11, 72.5847, 72.4066, 72.8526, 1.00616, 0.980809
25, 12, 100.613, 98.165, 105.797, 1.07775, 0.927051
25, 13, 47.4643, 46.62, 48.5196, 1.04075, 0.967015
25, 14, 90.636, 90.3462, 90.9801, 1.00702, 0.983618
25, 15, 90.8116, 90.0297, 91.6409, 1.0179, 0.986105
25, 16, 62.4076, 60.9609, 64.051, 1.05069, 0.977422
25, 18, 73.8011, 73.2549, 74.4938, 1.01691, 0.980432
25, 19, 76.7149, 75.6779, 77.879, 1.02909, 0.978803
25, 20, 95.3915, 94.3367, 96.5354, 1.02331, 0.985387
25, 21, 75.2347, 73.4655, 77.161, 1.0503, 0.983073
25, 22, 96.1644, 94.5404, 97.9309, 1.03586, 0.984437
25, 23, 85.2328, 85.0866, 85.4143, 1.00385, 0.985507
25, 24, 77.2869, 76.8226, 77.9884, 1.01517, 0.984554
25, 25, 78.9781, 78.0103, 80.002, 1.02553, 0.979688
25, 26, 92.5493, 91.6121, 93.5727, 1.0214, 0.983219
25, 27, 35.9877, 34.2131, 38.322, 1.1201, 0.933784
25, 28, 67.5422, 66.6183, 68.641, 1.03036, 0.981848
25, 29, 65.3419, 64.957, 65.8926, 1.0144, 0.983168
25, 30, 98.0559, 97.5224, 98.6399, 1.01146, 0.98578
25, 31, 64.1551, 61.917, 66.5757, 1.07524, 0.979046
25, 32, 70.5286, 69.7733, 71.4621, 1.02421, 0.984787
25, 33, 83.6346, 82.933, 84.5358, 1.01933, 0.984697
25, 34, 84.1039, 83.0106, 85.2737, 1.02726, 0.984607
25, 35, 68.8068, 67.9495, 69.7061, 1.02585, 0.983262
25, 36, 83.0611, 81.3285, 84.8665, 1.0435, 0.985015
25, 37, 78.5855, 77.5517, 79.7241, 1.02801, 0.978616
25, 38, 90.263, 87.9163, 92.7309, 1.05476, 0.986609
25, 39, 89.0189, 88.0997, 89.9704, 1.02123, 0.986698
25, 40, 77.396, 76.8942, 78.051, 1.01504, 0.986115
25, 41, 102.869, 101.767, 104.015, 1.0221, 0.98431
25, 42, 52.7212, 51.6575, 53.9349, 1.04409, 0.975658
25, 43, 91.5209, 90.655, 92.4778, 1.02011, 0.985229
25, 44, 64.5338, 63.945, 65.275, 1.0208, 0.981882
25, 45, 95.4602, 94.8614, 96.1155, 1.01322, 0.983613
25, 46, 57.9702, 57.4627, 58.6039, 1.01986, 0.978712
25, 47, 83.8919, 83.2427, 84.5685, 1.01593, 0.981443
25, 49, 61.9858, 61.6276, 62.4756, 1.01376, 0.973872
25, 50, 90.9559, 88.7407, 93.2602, 1.05093, 0.983512
25, 51, 83.3202, 81.9546, 84.7749, 1.03441, 0.983276
25, 52, 99.7707, 99.0028, 100.576, 1.01589, 0.985892
25, 53, 69.8611, 69.3717, 70.4489, 1.01553, 0.98861
25, 54, 75.3094, 73.8742, 76.9323, 1.0414, 0.984385
25, 55, 88.8503, 88.3007, 89.4312, 1.0128, 0.983652
25, 56, 83.7018, 82.6177, 84.9256, 1.02794, 0.98524
25, 57, 98.8744, 97.2565, 100.539, 1.03376, 0.985639
25, 58, 89.8259, 89.7681, 90.0412, 1.00304, 0.982428
25, 59, 51.6256, 50.5326, 52.9058, 1.04696, 0.984765
25, 60, 91.1823, 88.9843, 93.4902, 1.05064, 0.987094
25, 61, 76.8857, 74.7564, 79.1496, 1.05877, 0.984395
25, 62, 60.7642, 60.0659, 61.7341, 1.02777, 0.978639
25, 63, 62.6773, 62.0254, 63.5312, 1.02428, 0.981273
25, 64, 87.3827, 86.6773, 88.141, 1.01689, 0.984534
25, 65, 94.4833, 93.6983, 95.3539, 1.01767, 0.98572
25, 66, 43.8519, 43.7728, 44.0323, 1.00593, 0.967925
25, 67, 59.8944, 59.2154, 60.7226, 1.02545, 0.981035
25, 68, 93.8364, 92.5863, 95.2148, 1.02839, 0.984906
25, 69, 84.6481, 83.3623, 86.0957, 1.03279, 0.984548
25, 70, 62.9459, 61.3813, 64.6818, 1.05377, 0.983256
25, 72, 88.9768, 88.6334, 89.3776, 1.0084, 0.984157
25, 73, 60.2065, 59.9831, 60.555, 1.00953, 0.976768
25, 74, 82.165, 80.6951, 83.8227, 1.03876, 0.986309
25, 75, 47.405, 46.3925, 48.5325, 1.04613, 0.980376
25, 76, 87.2539, 85.2089, 89.4163, 1.04938, 0.983059
25, 77, 67.4728, 66.4615, 68.6739, 1.03329, 0.982208
25, 78, 88.0451, 86.7718, 89.4994, 1.03143, 0.982423
25, 79, 82.654, 80.5382, 84.8585, 1.05364, 0.984337
25, 80, 82.4269, 80.7543, 84.2097, 1.04279, 0.98559
25, 81, 84.8913, 83.4749, 86.4237, 1.03533, 0.984635
25, 82, 68.3148, 67.9534, 68.8294, 1.01289, 0.984968
25, 83, 87.2002, 86.5437, 87.9049, 1.01573, 0.985426
25, 84, 86.6071, 85.5853, 87.7315, 1.02508, 0.984986
25, 85, 94.3543, 93.3822, 95.4278, 1.02191, 0.986705
25, 86, 97.6345, 96.3767, 98.9472, 1.02667, 0.986232
25, 87, 91.3979, 89.6643, 93.272, 1.04024, 0.988029
25, 88, 79.8513, 78.8743, 80.8946, 1.02561, 0.980686
25, 89, 75.4338, 74.168, 76.7892, 1.03534, 0.983161
25, 91, 67.9296, 67.1681, 68.8326, 1.02478, 0.974278
